1004391,KX808498.1,Caulerpa cliftonii,Caulerpa,76312
1004391,KX808498.1,Caulerpa cliftonii,Caulerpa,76312
1004391,NC_031368.1,Caulerpa cliftonii,Caulerpa,76312
1004391,NC_031368.1,Caulerpa cliftonii,Caulerpa,76312
101717,KU059765.1,Lambia antarctica,Lambia,101716
101717,KU059765.1,Lambia antarctica,Lambia,101716
101717,NC_032284.1,Lambia antarctica,Lambia,101716
101717,NC_032284.1,Lambia antarctica,Lambia,101716
104533,HQ700713.1,Schizomeris leibleinii,Schizomeris,104532
104533,HQ700713.1,Schizomeris leibleinii,Schizomeris,104532
104533,NC_015645.1,Schizomeris leibleinii,Schizomeris,104532
104533,NC_015645.1,Schizomeris leibleinii,Schizomeris,104532
106203,KM462882.1,Fusochloris perforata,Fusochloris,106202
106203,KM462882.1,Fusochloris perforata,Fusochloris,106202
106203,NC_025543.1,Fusochloris perforata,Fusochloris,106202
106203,NC_025543.1,Fusochloris perforata,Fusochloris,106202
1065496,KM462873.1,Neocystis brevis,Neocystis,1065495
1065496,KM462873.1,Neocystis brevis,Neocystis,1065495
1065496,NC_025535.1,Neocystis brevis,Neocystis,1065495
1065496,NC_025535.1,Neocystis brevis,Neocystis,1065495
110672,KJ746597.1,Prasinococcus sp. CCMP1194,Prasinococcus,110669
111616,LC507117.1,Ulva australis,Ulva,3118
111616,LC507117.1,Ulva australis,Ulva,3118
111616,LC507117.1,Ulva australis,Ulva,3118
111616,MT179348.1,Ulva australis,Ulva,3118
111616,MT179348.1,Ulva australis,Ulva,3118
111616,MT179348.1,Ulva australis,Ulva,3118
111616,NC_053611.1,Ulva australis,Ulva,3118
111616,NC_053611.1,Ulva australis,Ulva,3118
111616,NC_053611.1,Ulva australis,Ulva,3118
111617,KT882614.1,Ulva fasciata,Ulva,3118
111617,KT882614.1,Ulva fasciata,Ulva,3118
111617,NC_029040.1,Ulva fasciata,Ulva,3118
111617,NC_029040.1,Ulva fasciata,Ulva,3118
113531,OR502666.1,Tetradesmus distendus,Tetradesmus,91192
113534,OR502664.1,Tetradesmus reginae,Tetradesmus,91192
117505,KT199250.1,Kirchneriella aperta,Kirchneriella,55412
117505,KT199250.1,Kirchneriella aperta,Kirchneriella,55412
117505,NC_029676.1,Kirchneriella aperta,Kirchneriella,55412
117505,NC_029676.1,Kirchneriella aperta,Kirchneriella,55412
118223,NC_065377.1,Halimeda opuntia,Halimeda,118221
118223,NC_065377.1,Halimeda opuntia,Halimeda,118221
118223,ON584177.1,Halimeda opuntia,Halimeda,118221
118223,ON584177.1,Halimeda opuntia,Halimeda,118221
118247,KX809677.1,Caulerpa okamurae,Caulerpa,76312
1191365,KY819066.1,Codium arenicola,Codium,3132
1191365,KY819066.1,Codium arenicola,Codium,3132
1191365,NC_037366.1,Codium arenicola,Codium,3132
1191365,NC_037366.1,Codium arenicola,Codium,3132
119574,OR502668.1,Tetradesmus dimorphus,Tetradesmus,91192
1208065,JX402620.1,Trebouxiophyceae sp. MX-AZ01,,75966
1208065,JX402620.1,Trebouxiophyceae sp. MX-AZ01,,75966
1208065,NC_018569.1,Trebouxiophyceae sp. MX-AZ01,,75966
1208065,NC_018569.1,Trebouxiophyceae sp. MX-AZ01,,75966
121088,OK189523.1,Ostreobium quekettii,Ostreobium,121087
121088,OK189523.1,Ostreobium quekettii,Ostreobium,121087
121088,OK189523.1,Ostreobium quekettii,Ostreobium,121087
121088,OK189523.1,Ostreobium quekettii,Ostreobium,121087
121088,OK189523.1,Ostreobium quekettii,Ostreobium,121087
121088,OK189523.1,Ostreobium quekettii,Ostreobium,121087
121088,OK189523.1,Ostreobium quekettii,Ostreobium,121087
121088,OK189523.1,Ostreobium quekettii,Ostreobium,121087
121088,OK189523.1,Ostreobium quekettii,Ostreobium,121087
121088,OK189524.1,Ostreobium quekettii,Ostreobium,121087
121088,OK189524.1,Ostreobium quekettii,Ostreobium,121087
121088,OK189524.1,Ostreobium quekettii,Ostreobium,121087
121088,OK189524.1,Ostreobium quekettii,Ostreobium,121087
121088,OK189524.1,Ostreobium quekettii,Ostreobium,121087
121088,OK189524.1,Ostreobium quekettii,Ostreobium,121087
121088,OK189524.1,Ostreobium quekettii,Ostreobium,121087
121088,OK189524.1,Ostreobium quekettii,Ostreobium,121087
121088,OK189524.1,Ostreobium quekettii,Ostreobium,121087
121088,OK189525.1,Ostreobium quekettii,Ostreobium,121087
121088,OK189525.1,Ostreobium quekettii,Ostreobium,121087
121088,OK189525.1,Ostreobium quekettii,Ostreobium,121087
121088,OK189525.1,Ostreobium quekettii,Ostreobium,121087
121088,OK189525.1,Ostreobium quekettii,Ostreobium,121087
121088,OK189525.1,Ostreobium quekettii,Ostreobium,121087
121088,OK189525.1,Ostreobium quekettii,Ostreobium,121087
121088,OK189525.1,Ostreobium quekettii,Ostreobium,121087
121088,OK189525.1,Ostreobium quekettii,Ostreobium,121087
121088,OK189526.1,Ostreobium quekettii,Ostreobium,121087
121088,OK189526.1,Ostreobium quekettii,Ostreobium,121087
121088,OK189526.1,Ostreobium quekettii,Ostreobium,121087
121088,OK189526.1,Ostreobium quekettii,Ostreobium,121087
121088,OK189526.1,Ostreobium quekettii,Ostreobium,121087
121088,OK189526.1,Ostreobium quekettii,Ostreobium,121087
121088,OK189526.1,Ostreobium quekettii,Ostreobium,121087
121088,OK189526.1,Ostreobium quekettii,Ostreobium,121087
121088,OK189526.1,Ostreobium quekettii,Ostreobium,121087
121088,OK189527.1,Ostreobium quekettii,Ostreobium,121087
121088,OK189527.1,Ostreobium quekettii,Ostreobium,121087
121088,OK189527.1,Ostreobium quekettii,Ostreobium,121087
121088,OK189527.1,Ostreobium quekettii,Ostreobium,121087
121088,OK189527.1,Ostreobium quekettii,Ostreobium,121087
121088,OK189527.1,Ostreobium quekettii,Ostreobium,121087
121088,OK189527.1,Ostreobium quekettii,Ostreobium,121087
121088,OK189527.1,Ostreobium quekettii,Ostreobium,121087
121088,OK189527.1,Ostreobium quekettii,Ostreobium,121087
121088,OK189528.1,Ostreobium quekettii,Ostreobium,121087
121088,OK189528.1,Ostreobium quekettii,Ostreobium,121087
121088,OK189528.1,Ostreobium quekettii,Ostreobium,121087
121088,OK189528.1,Ostreobium quekettii,Ostreobium,121087
121088,OK189528.1,Ostreobium quekettii,Ostreobium,121087
121088,OK189528.1,Ostreobium quekettii,Ostreobium,121087
121088,OK189528.1,Ostreobium quekettii,Ostreobium,121087
121088,OK189528.1,Ostreobium quekettii,Ostreobium,121087
121088,OK189528.1,Ostreobium quekettii,Ostreobium,121087
121088,OK189529.1,Ostreobium quekettii,Ostreobium,121087
121088,OK189529.1,Ostreobium quekettii,Ostreobium,121087
121088,OK189529.1,Ostreobium quekettii,Ostreobium,121087
121088,OK189529.1,Ostreobium quekettii,Ostreobium,121087
121088,OK189529.1,Ostreobium quekettii,Ostreobium,121087
121088,OK189529.1,Ostreobium quekettii,Ostreobium,121087
121088,OK189529.1,Ostreobium quekettii,Ostreobium,121087
121088,OK189529.1,Ostreobium quekettii,Ostreobium,121087
121088,OK189529.1,Ostreobium quekettii,Ostreobium,121087
121088,OK189530.1,Ostreobium quekettii,Ostreobium,121087
121088,OK189530.1,Ostreobium quekettii,Ostreobium,121087
121088,OK189530.1,Ostreobium quekettii,Ostreobium,121087
121088,OK189530.1,Ostreobium quekettii,Ostreobium,121087
121088,OK189530.1,Ostreobium quekettii,Ostreobium,121087
121088,OK189530.1,Ostreobium quekettii,Ostreobium,121087
121088,OK189530.1,Ostreobium quekettii,Ostreobium,121087
121088,OK189530.1,Ostreobium quekettii,Ostreobium,121087
121088,OK189530.1,Ostreobium quekettii,Ostreobium,121087
121088,OK189531.1,Ostreobium quekettii,Ostreobium,121087
121088,OK189531.1,Ostreobium quekettii,Ostreobium,121087
121088,OK189531.1,Ostreobium quekettii,Ostreobium,121087
121088,OK189531.1,Ostreobium quekettii,Ostreobium,121087
121088,OK189531.1,Ostreobium quekettii,Ostreobium,121087
121088,OK189531.1,Ostreobium quekettii,Ostreobium,121087
121088,OK189531.1,Ostreobium quekettii,Ostreobium,121087
121088,OK189531.1,Ostreobium quekettii,Ostreobium,121087
121088,OK189531.1,Ostreobium quekettii,Ostreobium,121087
126839,MN649872.1,Micractinium pusillum,Micractinium,126838
1286870,NC_072923.1,Gayralia brasiliensis,Gayralia,153903
1286870,NC_072923.1,Gayralia brasiliensis,Gayralia,153903
1286870,OQ159090.1,Gayralia brasiliensis,Gayralia,153903
1286870,OQ159090.1,Gayralia brasiliensis,Gayralia,153903
138667,NC_072924.1,Monostroma nitidum,Monostroma,63411
138667,NC_072924.1,Monostroma nitidum,Monostroma,63411
138667,OQ159091.1,Monostroma nitidum,Monostroma,63411
138667,OQ159091.1,Monostroma nitidum,Monostroma,63411
1411623,MK085993.1,Chloroparvula japonica,Chloroparvula,2302916
1411623,MK085993.1,Chloroparvula japonica,Chloroparvula,2302916
1411623,NC_042487.1,Chloroparvula japonica,Chloroparvula,2302916
1411623,NC_042487.1,Chloroparvula japonica,Chloroparvula,2302916
1415603,KF554427.1,Chlorella sp. ArM0029B,Chlorella,3071
141643,KY407656.1,Sarcinofilum mucosum,Sarcinofilum,2045110
141643,KY407656.1,Sarcinofilum mucosum,Sarcinofilum,2045110
141643,NC_034709.1,Sarcinofilum mucosum,Sarcinofilum,2045110
141643,NC_034709.1,Sarcinofilum mucosum,Sarcinofilum,2045110
141716,FJ493497.1,Monomastix sp. OKE-1,Monomastix,141715
141716,FJ493497.1,Monomastix sp. OKE-1,Monomastix,141715
141716,NC_012101.1,Monomastix sp. OKE-1,Monomastix,141715
141716,NC_012101.1,Monomastix sp. OKE-1,Monomastix,141715
1418016,KM462886.1,Pseudochloris wilhelmii,Pseudochloris,1418015
1418016,KM462886.1,Pseudochloris wilhelmii,Pseudochloris,1418015
1418016,NC_025547.1,Pseudochloris wilhelmii,Pseudochloris,1418015
1418016,NC_025547.1,Pseudochloris wilhelmii,Pseudochloris,1418015
1449749,AP014543.1,Poropsis sp. ID1_4,Poropsis,1157960
1451047,NC_067776.1,Ulva tepida,Ulva,3118
1451047,NC_067776.1,Ulva tepida,Ulva,3118
1451047,OL684341.1,Ulva tepida,Ulva,3118
1451047,OL684341.1,Ulva tepida,Ulva,3118
1461542,MK085994.1,Chloropicon maureeniae,Chloropicon,2302914
1461542,MK085994.1,Chloropicon maureeniae,Chloropicon,2302914
1461542,NC_042488.1,Chloropicon maureeniae,Chloropicon,2302914
1461542,NC_042488.1,Chloropicon maureeniae,Chloropicon,2302914
1461544,MK085991.1,Chloropicon roscoffensis,Chloropicon,2302914
1461544,MK085991.1,Chloropicon roscoffensis,Chloropicon,2302914
1461544,MK085991.1,Chloropicon roscoffensis,Chloropicon,2302914
1461544,MK085992.1,Chloropicon roscoffensis,Chloropicon,2302914
1461544,MK085992.1,Chloropicon roscoffensis,Chloropicon,2302914
1461544,MK085992.1,Chloropicon roscoffensis,Chloropicon,2302914
1461544,NC_042486.1,Chloropicon roscoffensis,Chloropicon,2302914
1461544,NC_042486.1,Chloropicon roscoffensis,Chloropicon,2302914
1461544,NC_042486.1,Chloropicon roscoffensis,Chloropicon,2302914
148947,MG753774.1,Caulerpa lentillifera,Caulerpa,76312
148947,MG753774.1,Caulerpa lentillifera,Caulerpa,76312
148947,MG753774.1,Caulerpa lentillifera,Caulerpa,76312
148947,MG753774.1,Caulerpa lentillifera,Caulerpa,76312
148947,MN201587.1,Caulerpa lentillifera,Caulerpa,76312
148947,MN201587.1,Caulerpa lentillifera,Caulerpa,76312
148947,MN201587.1,Caulerpa lentillifera,Caulerpa,76312
148947,MN201587.1,Caulerpa lentillifera,Caulerpa,76312
148947,MT271684.1,Caulerpa lentillifera,Caulerpa,76312
148947,MT271684.1,Caulerpa lentillifera,Caulerpa,76312
148947,MT271684.1,Caulerpa lentillifera,Caulerpa,76312
148947,MT271684.1,Caulerpa lentillifera,Caulerpa,76312
148947,NC_039377.1,Caulerpa lentillifera,Caulerpa,76312
148947,NC_039377.1,Caulerpa lentillifera,Caulerpa,76312
148947,NC_039377.1,Caulerpa lentillifera,Caulerpa,76312
148947,NC_039377.1,Caulerpa lentillifera,Caulerpa,76312
148953,MK792750.1,Caulerpa sertularioides f. longipes,Caulerpa,76312
152631,MF423120.1,Coelastrella saipanensis,Coelastrella,75800
152631,MF423120.1,Coelastrella saipanensis,Coelastrella,75800
152631,NC_042181.1,Coelastrella saipanensis,Coelastrella,75800
152631,NC_042181.1,Coelastrella saipanensis,Coelastrella,75800
155904,KM462874.1,Koliella corcontica,Koliella,242837
155904,KM462874.1,Koliella corcontica,Koliella,242837
155904,NC_025536.1,Koliella corcontica,Koliella,242837
155904,NC_025536.1,Koliella corcontica,Koliella,242837
156113,KJ746602.1,prasinophyte sp. MBIC10622,,3041
156128,MW077730.1,Nephroselmis pyriformis,Nephroselmis,31311
156128,MW077730.1,Nephroselmis pyriformis,Nephroselmis,31311
156128,NC_059722.1,Nephroselmis pyriformis,Nephroselmis,31311
156128,NC_059722.1,Nephroselmis pyriformis,Nephroselmis,31311
1562155,KM462862.1,Prasiolopsis sp. SAG 84.81,Prasiolopsis,312848
1562198,KM462870.1,Marsupiomonas sp. NIES 1824,Marsupiomonas,354440
158507,KT625412.1,Oogamochlamys gigantea,Oogamochlamys,195537
158507,KT625412.1,Oogamochlamys gigantea,Oogamochlamys,195537
158507,NC_028580.1,Oogamochlamys gigantea,Oogamochlamys,195537
158507,NC_028580.1,Oogamochlamys gigantea,Oogamochlamys,195537
160064,KM462867.1,Pedinomonas tuberculata,Pedinomonas,3158
160064,KM462867.1,Pedinomonas tuberculata,Pedinomonas,3158
160064,NC_025530.1,Pedinomonas tuberculata,Pedinomonas,3158
160064,NC_025530.1,Pedinomonas tuberculata,Pedinomonas,3158
160069,KM462877.1,Gloeotilopsis sterilis,Gloeotilopsis,34156
160069,KM462877.1,Gloeotilopsis sterilis,Gloeotilopsis,34156
160069,NC_025538.1,Gloeotilopsis sterilis,Gloeotilopsis,34156
160069,NC_025538.1,Gloeotilopsis sterilis,Gloeotilopsis,34156
160070,AY835431.1,Tupiella akineta,Tupiella,2045111
160070,AY835431.1,Tupiella akineta,Tupiella,2045111
160070,NC_008114.1,Tupiella akineta,Tupiella,2045111
160070,NC_008114.1,Tupiella akineta,Tupiella,2045111
1606511,MK085989.1,Chloropicon mariensis,Chloropicon,2302914
1606511,MK085989.1,Chloropicon mariensis,Chloropicon,2302914
1606511,MK085989.1,Chloropicon mariensis,Chloropicon,2302914
1606511,MW408731.1,Chloropicon mariensis,Chloropicon,2302914
1606511,MW408731.1,Chloropicon mariensis,Chloropicon,2302914
1606511,MW408731.1,Chloropicon mariensis,Chloropicon,2302914
1606511,NC_042485.1,Chloropicon mariensis,Chloropicon,2302914
1606511,NC_042485.1,Chloropicon mariensis,Chloropicon,2302914
1606511,NC_042485.1,Chloropicon mariensis,Chloropicon,2302914
1615899,AP017927.1,Palmophyllum crassum,Palmophyllum,539820
1615899,AP017927.1,Palmophyllum crassum,Palmophyllum,539820
1615899,NC_033387.1,Palmophyllum crassum,Palmophyllum,539820
1615899,NC_033387.1,Palmophyllum crassum,Palmophyllum,539820
162317,KT199252.1,Chlorotetraedron incus,Chlorotetraedron,162316
162317,KT199252.1,Chlorotetraedron incus,Chlorotetraedron,162316
162317,NC_029673.1,Chlorotetraedron incus,Chlorotetraedron,162316
162317,NC_029673.1,Chlorotetraedron incus,Chlorotetraedron,162316
163309,KM462883.1,Geminella minor,Geminella,163308
163309,KM462883.1,Geminella minor,Geminella,163308
163309,NC_025544.1,Geminella minor,Geminella,163308
163309,NC_025544.1,Geminella minor,Geminella,163308
163324,MG786420.1,Parallela transversalis,Parallela,871272
163324,MG786420.1,Parallela transversalis,Parallela,871272
163324,NC_042241.1,Parallela transversalis,Parallela,871272
163324,NC_042241.1,Parallela transversalis,Parallela,871272
1641711,KP720616.1,Ulva sp. UNA00071828,Ulva,3118
1650286,OK569791.1,Chlorella desiccata (nom. nud.),Chlorella,3071
1667192,MF805805.1,Coccomyxa sp. SUA001,Coccomyxa,41891
167768,KT625418.1,Characiochloris acuminata,Characiochloris,167767
167768,KT625418.1,Characiochloris acuminata,Characiochloris,167767
167768,NC_028584.1,Characiochloris acuminata,Characiochloris,167767
167768,NC_028584.1,Characiochloris acuminata,Characiochloris,167767
170437,MH591112.1,Udotea flabellum,Udotea,170436
170437,MH591112.1,Udotea flabellum,Udotea,170436
170437,NC_039528.1,Udotea flabellum,Udotea,170436
170437,NC_039528.1,Udotea flabellum,Udotea,170436
173370,MZ334627.1,Cephaleuros parasiticus,Cephaleuros,173369
173370,MZ334627.1,Cephaleuros parasiticus,Cephaleuros,173369
173370,NC_060533.1,Cephaleuros parasiticus,Cephaleuros,173369
173370,NC_060533.1,Cephaleuros parasiticus,Cephaleuros,173369
173371,MW822747.1,Cephaleuros virescens,Cephaleuros,173369
173371,MW822747.1,Cephaleuros virescens,Cephaleuros,173369
173371,NC_060531.1,Cephaleuros virescens,Cephaleuros,173369
173371,NC_060531.1,Cephaleuros virescens,Cephaleuros,173369
173495,KY407660.1,Neodangemannia microcystis,Neodangemannia,173494
173495,KY407660.1,Neodangemannia microcystis,Neodangemannia,173494
173495,NC_034713.1,Neodangemannia microcystis,Neodangemannia,173494
173495,NC_034713.1,Neodangemannia microcystis,Neodangemannia,173494
173497,KM462866.1,Pseudochlorella signiensis,Pseudochlorella,63681
173497,KM462866.1,Pseudochlorella signiensis,Pseudochlorella,63681
173497,NC_025529.1,Pseudochlorella signiensis,Pseudochlorella,63681
173497,NC_025529.1,Pseudochlorella signiensis,Pseudochlorella,63681
1745963,NC_084269.1,Hydrocytium acuminatum,Hydrocytium,3073813
1745963,NC_084269.1,Hydrocytium acuminatum,Hydrocytium,3073813
1745963,OR398345.1,Hydrocytium acuminatum,Hydrocytium,3073813
1745963,OR398345.1,Hydrocytium acuminatum,Hydrocytium,3073813
1755147,KT625410.1,Treubaria triappendiculata,Treubaria,52684
1755147,KT625410.1,Treubaria triappendiculata,Treubaria,52684
1755147,NC_028578.1,Treubaria triappendiculata,Treubaria,52684
1755147,NC_028578.1,Treubaria triappendiculata,Treubaria,52684
1756294,KT625419.1,Carteria sp. SAG 8-5,Carteria,47780
1759591,MH983006.1,Micractinium sp. LBA 32,Micractinium,126838
1764286,MK085986.1,Chloropicon sieburthii,Chloropicon,2302914
1764286,MK085986.1,Chloropicon sieburthii,Chloropicon,2302914
1764286,NC_042483.1,Chloropicon sieburthii,Chloropicon,2302914
1764286,NC_042483.1,Chloropicon sieburthii,Chloropicon,2302914
1764295,KJ746601.1,Chloropicon primus,Chloropicon,2302914
177068,MK792749.1,Caulerpa serrulata,Caulerpa,76312
177078,MH745228.1,Caulerpa ashmeadii,Caulerpa,76312
177078,MH745228.1,Caulerpa ashmeadii,Caulerpa,76312
177078,NC_045914.1,Caulerpa ashmeadii,Caulerpa,76312
177078,NC_045914.1,Caulerpa ashmeadii,Caulerpa,76312
177082,MH591106.1,Caulerpa verticillata,Caulerpa,76312
177082,MH591106.1,Caulerpa verticillata,Caulerpa,76312
177082,NC_039523.1,Caulerpa verticillata,Caulerpa,76312
177082,NC_039523.1,Caulerpa verticillata,Caulerpa,76312
1812852,KU167097.1,Tetraselmis sp. CCMP 881,Tetraselmis,3164
1837062,NC_072900.1,Phyllosiphon coccidium,Phyllosiphon,634748
1837062,NC_072900.1,Phyllosiphon coccidium,Phyllosiphon,634748
1837062,ON986218.1,Phyllosiphon coccidium,Phyllosiphon,634748
1837062,ON986218.1,Phyllosiphon coccidium,Phyllosiphon,634748
1847751,KX808497.1,Derbesia sp. WEST4838,Derbesia,33106
1847751,KX808497.1,Derbesia sp. WEST4838,Derbesia,33106
1847751,NC_031367.1,Derbesia sp. WEST4838,Derbesia,33106
1847751,NC_031367.1,Derbesia sp. WEST4838,Derbesia,33106
1851547,KU979013.1,Ostreobium sp. OS1B,Ostreobium,121087
1853882,KM462860.1,Symbiochloris handae,Symbiochloris,1853743
1853882,KM462860.1,Symbiochloris handae,Symbiochloris,1853743
1853882,NC_025524.1,Symbiochloris handae,Symbiochloris,1853743
1853882,NC_025524.1,Symbiochloris handae,Symbiochloris,1853743
1867922,KX131180.1,Hariotina sp. MMOGRB0030F,Hariotina,305820
1872694,NC_077590.1,Ulva aragoensis,Ulva,3118
1872694,NC_077590.1,Ulva aragoensis,Ulva,3118
1872694,OP985132.1,Ulva aragoensis,Ulva,3118
1872694,OP985132.1,Ulva aragoensis,Ulva,3118
1883388,MK085995.1,Chloroparvula pacifica,Chloroparvula,2302916
1883388,MK085995.1,Chloroparvula pacifica,Chloroparvula,2302916
1883388,NC_042489.1,Chloroparvula pacifica,Chloroparvula,2302916
1883388,NC_042489.1,Chloroparvula pacifica,Chloroparvula,2302916
189431,KY819064.1,Chlorodesmis fastigiata,Chlorodesmis,189429
189431,KY819064.1,Chlorodesmis fastigiata,Chlorodesmis,189429
189431,NC_037364.1,Chlorodesmis fastigiata,Chlorodesmis,189429
189431,NC_037364.1,Chlorodesmis fastigiata,Chlorodesmis,189429
189445,MH591111.1,Udotea argentea,Udotea,170436
189445,MH591111.1,Udotea argentea,Udotea,170436
189445,NC_039527.1,Udotea argentea,Udotea,170436
189445,NC_039527.1,Udotea argentea,Udotea,170436
191674,KM462863.1,Watanabea reniformis,Watanabea,191672
191674,KM462863.1,Watanabea reniformis,Watanabea,191672
191674,NC_025526.1,Watanabea reniformis,Watanabea,191672
191674,NC_025526.1,Watanabea reniformis,Watanabea,191672
1979227,KY509314.1,Ostreobium sp. HV05042,Ostreobium,121087
1979421,KY819063.1,Bryopsis sp. HV04063,Bryopsis,3128
1979421,KY819063.1,Bryopsis sp. HV04063,Bryopsis,3128
1979421,NC_037363.1,Bryopsis sp. HV04063,Bryopsis,3128
1979421,NC_037363.1,Bryopsis sp. HV04063,Bryopsis,3128
1979422,KY819065.1,Rhipilia penicilloides,Rhipilia,325646
1979422,KY819065.1,Rhipilia penicilloides,Rhipilia,325646
1979422,NC_037365.1,Rhipilia penicilloides,Rhipilia,325646
1979422,NC_037365.1,Rhipilia penicilloides,Rhipilia,325646
1985640,MZ334628.1,Cephaleuros karstenii,Cephaleuros,173369
1985640,MZ334628.1,Cephaleuros karstenii,Cephaleuros,173369
1985640,NC_060534.1,Cephaleuros karstenii,Cephaleuros,173369
1985640,NC_060534.1,Cephaleuros karstenii,Cephaleuros,173369
2053932,MG552671.1,Picochlorum sp. 'soloecismus',Picochlorum,249344
2079440,MN701587.1,Chaetophoropsis polyrhiza,Chaetophoropsis,2505929
2079440,MN701587.1,Chaetophoropsis polyrhiza,Chaetophoropsis,2505929
2079440,NC_047431.1,Chaetophoropsis polyrhiza,Chaetophoropsis,2505929
2079440,NC_047431.1,Chaetophoropsis polyrhiza,Chaetophoropsis,2505929
2126034,NC_065389.1,Symbiochloris sp. SG-2018,Symbiochloris,1853743
2126034,NC_065389.1,Symbiochloris sp. SG-2018,Symbiochloris,1853743
2126034,ON645925.1,Symbiochloris sp. SG-2018,Symbiochloris,1853743
2126034,ON645925.1,Symbiochloris sp. SG-2018,Symbiochloris,1853743
215448,AP018372.1,Prototheca stagnorum,Prototheca,3110
215448,AP018372.1,Prototheca stagnorum,Prototheca,3110
215448,NC_037479.1,Prototheca stagnorum,Prototheca,3110
215448,NC_037479.1,Prototheca stagnorum,Prototheca,3110
2184484,MF276985.1,Pseudopediastrum sp. CL0201VA,Pseudopediastrum,427904
2184484,MF276985.1,Pseudopediastrum sp. CL0201VA,Pseudopediastrum,427904
2184484,NC_037922.1,Pseudopediastrum sp. CL0201VA,Pseudopediastrum,427904
2184484,NC_037922.1,Pseudopediastrum sp. CL0201VA,Pseudopediastrum,427904
2202518,KY407661.1,Hazenia capsulata,Hazenia,160075
2202518,KY407661.1,Hazenia capsulata,Hazenia,160075
2202518,NC_034714.1,Hazenia capsulata,Hazenia,160075
2202518,NC_034714.1,Hazenia capsulata,Hazenia,160075
221038,MH591107.1,Codium arabicum,Codium,3132
221038,MH591107.1,Codium arabicum,Codium,3132
221038,NC_039524.1,Codium arabicum,Codium,3132
221038,NC_039524.1,Codium arabicum,Codium,3132
222885,GQ892829.1,Bryopsis hypnoides,Bryopsis,3128
222885,GQ892829.1,Bryopsis hypnoides,Bryopsis,3128
222885,NC_013359.1,Bryopsis hypnoides,Bryopsis,3128
222885,NC_013359.1,Bryopsis hypnoides,Bryopsis,3128
225041,NC_068623.1,Chlamydomonas chlamydogama,Chlamydomonas,3052
225041,NC_068623.1,Chlamydomonas chlamydogama,Chlamydomonas,3052
225041,OP298011.1,Chlamydomonas chlamydogama,Chlamydomonas,3052
225041,OP298011.1,Chlamydomonas chlamydogama,Chlamydomonas,3052
2291721,OR502670.1,Tetradesmus arenicola,Tetradesmus,91192
231078,KY407659.1,Ignatius tetrasporus,Ignatius,231077
231078,KY407659.1,Ignatius tetrasporus,Ignatius,231077
231078,NC_034712.1,Ignatius tetrasporus,Ignatius,231077
231078,NC_034712.1,Ignatius tetrasporus,Ignatius,231077
231080,KY407658.1,Pseudocharacium americanum,Pseudocharacium,231079
231080,KY407658.1,Pseudocharacium americanum,Pseudocharacium,231079
231080,NC_034711.1,Pseudocharacium americanum,Pseudocharacium,231079
231080,NC_034711.1,Pseudocharacium americanum,Pseudocharacium,231079
2315456,AP025008.1,Coccomyxa sp. Obi,Coccomyxa,41891
2320802,MH591104.1,Boodleopsis sp. H.0758,Boodleopsis,381414
2320802,MH591104.1,Boodleopsis sp. H.0758,Boodleopsis,381414
2320802,NC_039521.1,Boodleopsis sp. H.0758,Boodleopsis,381414
2320802,NC_039521.1,Boodleopsis sp. H.0758,Boodleopsis,381414
2320807,MH591105.1,Callipsygma wilsonis,Callipsygma,2320806
2320807,MH591105.1,Callipsygma wilsonis,Callipsygma,2320806
2320807,NC_039522.1,Callipsygma wilsonis,Callipsygma,2320806
2320807,NC_039522.1,Callipsygma wilsonis,Callipsygma,2320806
2320810,MH591110.1,Rhipiliopsis peltata,Rhipiliopsis,189435
2320810,MH591110.1,Rhipiliopsis peltata,Rhipiliopsis,189435
2320810,NC_039526.1,Rhipiliopsis peltata,Rhipiliopsis,189435
2320810,NC_039526.1,Rhipiliopsis peltata,Rhipiliopsis,189435
2364084,MH591102.1,Boodleopsis sp. FL1161,Boodleopsis,381414
2364085,MH591113.1,Udotea sp. TZ0819,Udotea,170436
2364088,MH591108.1,Pedobesia claviformis,Pedobesia,118241
2364088,MH591108.1,Pedobesia claviformis,Pedobesia,118241
2364088,NC_039766.1,Pedobesia claviformis,Pedobesia,118241
2364088,NC_039766.1,Pedobesia claviformis,Pedobesia,118241
240864,AP018696.1,Ulva ohnoi,Ulva,3118
249350,KM462879.1,Paradoxia multiseta,Paradoxia,249349
249350,KM462879.1,Paradoxia multiseta,Paradoxia,249349
249350,NC_025540.1,Paradoxia multiseta,Paradoxia,249349
249350,NC_025540.1,Paradoxia multiseta,Paradoxia,249349
2565274,MK085996.1,Chloroparvula sp. RCC4572,Chloroparvula,2302916
2565275,MK085988.1,Chloroparvula sp. RCC696,Chloroparvula,2302916
2565276,MK085990.1,Chloroparvula sp. RCC999,Chloroparvula,2302916
2565277,MK085997.1,Chloropicon sp. RCC4434,Chloropicon,2302914
2576626,MK580484.1,Trentepohlia odorata,Trentepohlia,173374
2576626,MK580484.1,Trentepohlia odorata,Trentepohlia,173374
2576626,NC_043776.1,Trentepohlia odorata,Trentepohlia,173374
2576626,NC_043776.1,Trentepohlia odorata,Trentepohlia,173374
259378,KJ746600.1,Nephroselmis astigmatica,Nephroselmis,31311
259378,KJ746600.1,Nephroselmis astigmatica,Nephroselmis,31311
259378,NC_024829.1,Nephroselmis astigmatica,Nephroselmis,31311
259378,NC_024829.1,Nephroselmis astigmatica,Nephroselmis,31311
2601844,OQ942923.1,Picochlorum sp. BH-2019,Picochlorum,249344
2604950,MN056173.1,Microrhizoidea pickettheapsiorum,Microrhizoidea,2604949
2604950,MN056173.1,Microrhizoidea pickettheapsiorum,Microrhizoidea,2604949
2604950,NC_044704.1,Microrhizoidea pickettheapsiorum,Microrhizoidea,2604949
2604950,NC_044704.1,Microrhizoidea pickettheapsiorum,Microrhizoidea,2604949
2607983,NC_071969.1,Micractinium simplicissimum,Micractinium,126838
2607983,NC_071969.1,Micractinium simplicissimum,Micractinium,126838
2607983,OP448647.1,Micractinium simplicissimum,Micractinium,126838
2607983,OP448647.1,Micractinium simplicissimum,Micractinium,126838
2650457,NC_072902.1,Massjukichlorella minus,Massjukichlorella,2570321
2650457,NC_072902.1,Massjukichlorella minus,Massjukichlorella,2570321
2650457,ON986221.1,Massjukichlorella minus,Massjukichlorella,2570321
2650457,ON986221.1,Massjukichlorella minus,Massjukichlorella,2570321
2650791,MK995333.1,Asterarcys sp. GP-2019,Asterarcys,183308
269609,OR502669.1,Tetradesmus bajacalifornicus,Tetradesmus,91192
2704660,NC_072904.1,Watanabea sichuanensis,Watanabea,191672
2704660,NC_072904.1,Watanabea sichuanensis,Watanabea,191672
2704660,ON986223.1,Watanabea sichuanensis,Watanabea,191672
2704660,ON986223.1,Watanabea sichuanensis,Watanabea,191672
2704661,NC_072905.1,Polulichloris maxima,Polulichloris,2511083
2704661,NC_072905.1,Polulichloris maxima,Polulichloris,2511083
2704661,ON986224.1,Polulichloris maxima,Polulichloris,2511083
2704661,ON986224.1,Polulichloris maxima,Polulichloris,2511083
2704665,NC_072901.1,Kalinella pachyderma,Kalinella,681983
2704665,NC_072901.1,Kalinella pachyderma,Kalinella,681983
2704665,ON986220.1,Kalinella pachyderma,Kalinella,681983
2704665,ON986220.1,Kalinella pachyderma,Kalinella,681983
270643,NC_067041.1,Tetraselmis suecica,Tetraselmis,3164
270643,NC_067041.1,Tetraselmis suecica,Tetraselmis,3164
270643,OK500205.1,Tetraselmis suecica,Tetraselmis,3164
270643,OK500205.1,Tetraselmis suecica,Tetraselmis,3164
271398,MF276986.1,Stauridium tetras,Stauridium,427905
271398,MF276986.1,Stauridium tetras,Stauridium,427905
271398,NC_037923.1,Stauridium tetras,Stauridium,427905
271398,NC_037923.1,Stauridium tetras,Stauridium,427905
271402,MF276984.1,Pseudopediastrum integrum,Pseudopediastrum,427904
271402,MF276984.1,Pseudopediastrum integrum,Pseudopediastrum,427904
271402,NC_037921.1,Pseudopediastrum integrum,Pseudopediastrum,427904
271402,NC_037921.1,Pseudopediastrum integrum,Pseudopediastrum,427904
271408,MF276977.1,Pediastrum angulosum,Pediastrum,3104
271408,MF276977.1,Pediastrum angulosum,Pediastrum,3104
271408,MF276977.1,Pediastrum angulosum,Pediastrum,3104
271408,MF276978.1,Pediastrum angulosum,Pediastrum,3104
271408,MF276978.1,Pediastrum angulosum,Pediastrum,3104
271408,MF276978.1,Pediastrum angulosum,Pediastrum,3104
271408,NC_037919.1,Pediastrum angulosum,Pediastrum,3104
271408,NC_037919.1,Pediastrum angulosum,Pediastrum,3104
271408,NC_037919.1,Pediastrum angulosum,Pediastrum,3104
2725787,MN659374.1,Uronema sp. FACHB-2429,Uronema,104535
2725788,MN699101.1,Stigeoclonium sp. FACHB-2430,Stigeoclonium,55998
2725789,MN701588.1,Chaetophora sp. FACHB-2423,Chaetophora,51319
2725790,MN701985.1,Chaetophoropsis cf. attenuata FACHB-2291,Chaetophoropsis,2505929
2725790,MN701985.1,Chaetophoropsis cf. attenuata FACHB-2291,Chaetophoropsis,2505929
2725790,MN701985.1,Chaetophoropsis cf. attenuata FACHB-2291,Chaetophoropsis,2505929
2725790,MN701985.1,Chaetophoropsis cf. attenuata FACHB-2291,Chaetophoropsis,2505929
2725790,MN701985.1,Chaetophoropsis cf. attenuata FACHB-2291,Chaetophoropsis,2505929
2725790,MN701985.1,Chaetophoropsis cf. attenuata FACHB-2291,Chaetophoropsis,2505929
2725790,MN701985.1,Chaetophoropsis cf. attenuata FACHB-2291,Chaetophoropsis,2505929
2725790,MN701986.1,Chaetophoropsis cf. attenuata FACHB-2291,Chaetophoropsis,2505929
2725790,MN701986.1,Chaetophoropsis cf. attenuata FACHB-2291,Chaetophoropsis,2505929
2725790,MN701986.1,Chaetophoropsis cf. attenuata FACHB-2291,Chaetophoropsis,2505929
2725790,MN701986.1,Chaetophoropsis cf. attenuata FACHB-2291,Chaetophoropsis,2505929
2725790,MN701986.1,Chaetophoropsis cf. attenuata FACHB-2291,Chaetophoropsis,2505929
2725790,MN701986.1,Chaetophoropsis cf. attenuata FACHB-2291,Chaetophoropsis,2505929
2725790,MN701986.1,Chaetophoropsis cf. attenuata FACHB-2291,Chaetophoropsis,2505929
2725790,MN701987.1,Chaetophoropsis cf. attenuata FACHB-2291,Chaetophoropsis,2505929
2725790,MN701987.1,Chaetophoropsis cf. attenuata FACHB-2291,Chaetophoropsis,2505929
2725790,MN701987.1,Chaetophoropsis cf. attenuata FACHB-2291,Chaetophoropsis,2505929
2725790,MN701987.1,Chaetophoropsis cf. attenuata FACHB-2291,Chaetophoropsis,2505929
2725790,MN701987.1,Chaetophoropsis cf. attenuata FACHB-2291,Chaetophoropsis,2505929
2725790,MN701987.1,Chaetophoropsis cf. attenuata FACHB-2291,Chaetophoropsis,2505929
2725790,MN701987.1,Chaetophoropsis cf. attenuata FACHB-2291,Chaetophoropsis,2505929
2725790,MN701988.1,Chaetophoropsis cf. attenuata FACHB-2291,Chaetophoropsis,2505929
2725790,MN701988.1,Chaetophoropsis cf. attenuata FACHB-2291,Chaetophoropsis,2505929
2725790,MN701988.1,Chaetophoropsis cf. attenuata FACHB-2291,Chaetophoropsis,2505929
2725790,MN701988.1,Chaetophoropsis cf. attenuata FACHB-2291,Chaetophoropsis,2505929
2725790,MN701988.1,Chaetophoropsis cf. attenuata FACHB-2291,Chaetophoropsis,2505929
2725790,MN701988.1,Chaetophoropsis cf. attenuata FACHB-2291,Chaetophoropsis,2505929
2725790,MN701988.1,Chaetophoropsis cf. attenuata FACHB-2291,Chaetophoropsis,2505929
2725790,MN701989.1,Chaetophoropsis cf. attenuata FACHB-2291,Chaetophoropsis,2505929
2725790,MN701989.1,Chaetophoropsis cf. attenuata FACHB-2291,Chaetophoropsis,2505929
2725790,MN701989.1,Chaetophoropsis cf. attenuata FACHB-2291,Chaetophoropsis,2505929
2725790,MN701989.1,Chaetophoropsis cf. attenuata FACHB-2291,Chaetophoropsis,2505929
2725790,MN701989.1,Chaetophoropsis cf. attenuata FACHB-2291,Chaetophoropsis,2505929
2725790,MN701989.1,Chaetophoropsis cf. attenuata FACHB-2291,Chaetophoropsis,2505929
2725790,MN701989.1,Chaetophoropsis cf. attenuata FACHB-2291,Chaetophoropsis,2505929
2725790,MN701990.1,Chaetophoropsis cf. attenuata FACHB-2291,Chaetophoropsis,2505929
2725790,MN701990.1,Chaetophoropsis cf. attenuata FACHB-2291,Chaetophoropsis,2505929
2725790,MN701990.1,Chaetophoropsis cf. attenuata FACHB-2291,Chaetophoropsis,2505929
2725790,MN701990.1,Chaetophoropsis cf. attenuata FACHB-2291,Chaetophoropsis,2505929
2725790,MN701990.1,Chaetophoropsis cf. attenuata FACHB-2291,Chaetophoropsis,2505929
2725790,MN701990.1,Chaetophoropsis cf. attenuata FACHB-2291,Chaetophoropsis,2505929
2725790,MN701990.1,Chaetophoropsis cf. attenuata FACHB-2291,Chaetophoropsis,2505929
2725790,MN701991.1,Chaetophoropsis cf. attenuata FACHB-2291,Chaetophoropsis,2505929
2725790,MN701991.1,Chaetophoropsis cf. attenuata FACHB-2291,Chaetophoropsis,2505929
2725790,MN701991.1,Chaetophoropsis cf. attenuata FACHB-2291,Chaetophoropsis,2505929
2725790,MN701991.1,Chaetophoropsis cf. attenuata FACHB-2291,Chaetophoropsis,2505929
2725790,MN701991.1,Chaetophoropsis cf. attenuata FACHB-2291,Chaetophoropsis,2505929
2725790,MN701991.1,Chaetophoropsis cf. attenuata FACHB-2291,Chaetophoropsis,2505929
2725790,MN701991.1,Chaetophoropsis cf. attenuata FACHB-2291,Chaetophoropsis,2505929
2806530,MN389525.1,Ulva lacinulata,Ulva,3118
2806530,MN389525.1,Ulva lacinulata,Ulva,3118
2806530,MN389525.1,Ulva lacinulata,Ulva,3118
2806530,MW543061.1,Ulva lacinulata,Ulva,3118
2806530,MW543061.1,Ulva lacinulata,Ulva,3118
2806530,MW543061.1,Ulva lacinulata,Ulva,3118
2806530,NC_053614.1,Ulva lacinulata,Ulva,3118
2806530,NC_053614.1,Ulva lacinulata,Ulva,3118
2806530,NC_053614.1,Ulva lacinulata,Ulva,3118
2812607,MW699788.1,Ulva sp.,Ulva,3118
2831089,MW250871.1,Oedogonium dentireticulatum,Oedogonium,55993
2847172,MT179352.1,Ulva sp. A AF-2021,Ulva,3118
2847172,MT179352.1,Ulva sp. A AF-2021,Ulva,3118
2847172,NC_053615.1,Ulva sp. A AF-2021,Ulva,3118
2847172,NC_053615.1,Ulva sp. A AF-2021,Ulva,3118
2904618,NC_066823.1,Gormaniella terricola,Gormaniella,2952721
2904618,NC_066823.1,Gormaniella terricola,Gormaniella,2952721
2904618,OL839336.1,Gormaniella terricola,Gormaniella,2952721
2904618,OL839336.1,Gormaniella terricola,Gormaniella,2952721
2907466,MZ334625.1,Trentepohlia sp. YN1242,Trentepohlia,173374
2907467,MZ334626.1,Trentepohlia sp. YN1317,Trentepohlia,173374
296587,FJ858267.1,Micromonas commoda,Micromonas,38832
296587,FJ858267.1,Micromonas commoda,Micromonas,38832
296587,NC_012575.1,Micromonas commoda,Micromonas,38832
296587,NC_012575.1,Micromonas commoda,Micromonas,38832
2978530,OP448669.1,Chlorococcum sp. KSF0227,Chlorococcum,44649
3031248,ON986219.1,Chloroidium sp. KL-2023a,Chloroidium,1034479
3031288,NC_072903.1,Calidiella yingdensis,Calidiella,1658510
3031288,NC_072903.1,Calidiella yingdensis,Calidiella,1658510
3031288,ON986222.1,Calidiella yingdensis,Calidiella,1658510
3031288,ON986222.1,Calidiella yingdensis,Calidiella,1658510
3034933,OQ349515.1,Ostreobium sp. TRHA14-720,Ostreobium,121087
3041901,LC768901.1,Bryopsis sp. KO-2023,Bryopsis,3128
3046,GQ250046.1,Dunaliella salina,Dunaliella,3044
3046,GQ250046.1,Dunaliella salina,Dunaliella,3044
3046,GQ250046.1,Dunaliella salina,Dunaliella,3044
3046,KX530454.1,Dunaliella salina,Dunaliella,3044
3046,KX530454.1,Dunaliella salina,Dunaliella,3044
3046,KX530454.1,Dunaliella salina,Dunaliella,3044
3046,NC_016732.1,Dunaliella salina,Dunaliella,3044
3046,NC_016732.1,Dunaliella salina,Dunaliella,3044
3046,NC_016732.1,Dunaliella salina,Dunaliella,3044
3055,BK000554.2,Chlamydomonas reinhardtii,Chlamydomonas,3052
3055,BK000554.2,Chlamydomonas reinhardtii,Chlamydomonas,3052
3055,BK000554.2,Chlamydomonas reinhardtii,Chlamydomonas,3052
3055,BK000554.2,Chlamydomonas reinhardtii,Chlamydomonas,3052
3055,BK000554.2,Chlamydomonas reinhardtii,Chlamydomonas,3052
3055,BK000554.2,Chlamydomonas reinhardtii,Chlamydomonas,3052
3055,BK000554.2,Chlamydomonas reinhardtii,Chlamydomonas,3052
3055,BK000554.2,Chlamydomonas reinhardtii,Chlamydomonas,3052
3055,FJ423446.1,Chlamydomonas reinhardtii,Chlamydomonas,3052
3055,FJ423446.1,Chlamydomonas reinhardtii,Chlamydomonas,3052
3055,FJ423446.1,Chlamydomonas reinhardtii,Chlamydomonas,3052
3055,FJ423446.1,Chlamydomonas reinhardtii,Chlamydomonas,3052
3055,FJ423446.1,Chlamydomonas reinhardtii,Chlamydomonas,3052
3055,FJ423446.1,Chlamydomonas reinhardtii,Chlamydomonas,3052
3055,FJ423446.1,Chlamydomonas reinhardtii,Chlamydomonas,3052
3055,FJ423446.1,Chlamydomonas reinhardtii,Chlamydomonas,3052
3055,MF083688.1,Chlamydomonas reinhardtii,Chlamydomonas,3052
3055,MF083688.1,Chlamydomonas reinhardtii,Chlamydomonas,3052
3055,MF083688.1,Chlamydomonas reinhardtii,Chlamydomonas,3052
3055,MF083688.1,Chlamydomonas reinhardtii,Chlamydomonas,3052
3055,MF083688.1,Chlamydomonas reinhardtii,Chlamydomonas,3052
3055,MF083688.1,Chlamydomonas reinhardtii,Chlamydomonas,3052
3055,MF083688.1,Chlamydomonas reinhardtii,Chlamydomonas,3052
3055,MF083688.1,Chlamydomonas reinhardtii,Chlamydomonas,3052
3055,MF083689.2,Chlamydomonas reinhardtii,Chlamydomonas,3052
3055,MF083689.2,Chlamydomonas reinhardtii,Chlamydomonas,3052
3055,MF083689.2,Chlamydomonas reinhardtii,Chlamydomonas,3052
3055,MF083689.2,Chlamydomonas reinhardtii,Chlamydomonas,3052
3055,MF083689.2,Chlamydomonas reinhardtii,Chlamydomonas,3052
3055,MF083689.2,Chlamydomonas reinhardtii,Chlamydomonas,3052
3055,MF083689.2,Chlamydomonas reinhardtii,Chlamydomonas,3052
3055,MF083689.2,Chlamydomonas reinhardtii,Chlamydomonas,3052
3055,MF083690.1,Chlamydomonas reinhardtii,Chlamydomonas,3052
3055,MF083690.1,Chlamydomonas reinhardtii,Chlamydomonas,3052
3055,MF083690.1,Chlamydomonas reinhardtii,Chlamydomonas,3052
3055,MF083690.1,Chlamydomonas reinhardtii,Chlamydomonas,3052
3055,MF083690.1,Chlamydomonas reinhardtii,Chlamydomonas,3052
3055,MF083690.1,Chlamydomonas reinhardtii,Chlamydomonas,3052
3055,MF083690.1,Chlamydomonas reinhardtii,Chlamydomonas,3052
3055,MF083690.1,Chlamydomonas reinhardtii,Chlamydomonas,3052
3055,MF083691.1,Chlamydomonas reinhardtii,Chlamydomonas,3052
3055,MF083691.1,Chlamydomonas reinhardtii,Chlamydomonas,3052
3055,MF083691.1,Chlamydomonas reinhardtii,Chlamydomonas,3052
3055,MF083691.1,Chlamydomonas reinhardtii,Chlamydomonas,3052
3055,MF083691.1,Chlamydomonas reinhardtii,Chlamydomonas,3052
3055,MF083691.1,Chlamydomonas reinhardtii,Chlamydomonas,3052
3055,MF083691.1,Chlamydomonas reinhardtii,Chlamydomonas,3052
3055,MF083691.1,Chlamydomonas reinhardtii,Chlamydomonas,3052
3055,MF083692.1,Chlamydomonas reinhardtii,Chlamydomonas,3052
3055,MF083692.1,Chlamydomonas reinhardtii,Chlamydomonas,3052
3055,MF083692.1,Chlamydomonas reinhardtii,Chlamydomonas,3052
3055,MF083692.1,Chlamydomonas reinhardtii,Chlamydomonas,3052
3055,MF083692.1,Chlamydomonas reinhardtii,Chlamydomonas,3052
3055,MF083692.1,Chlamydomonas reinhardtii,Chlamydomonas,3052
3055,MF083692.1,Chlamydomonas reinhardtii,Chlamydomonas,3052
3055,MF083692.1,Chlamydomonas reinhardtii,Chlamydomonas,3052
3055,NC_005353.1,Chlamydomonas reinhardtii,Chlamydomonas,3052
3055,NC_005353.1,Chlamydomonas reinhardtii,Chlamydomonas,3052
3055,NC_005353.1,Chlamydomonas reinhardtii,Chlamydomonas,3052
3055,NC_005353.1,Chlamydomonas reinhardtii,Chlamydomonas,3052
3055,NC_005353.1,Chlamydomonas reinhardtii,Chlamydomonas,3052
3055,NC_005353.1,Chlamydomonas reinhardtii,Chlamydomonas,3052
3055,NC_005353.1,Chlamydomonas reinhardtii,Chlamydomonas,3052
3055,NC_005353.1,Chlamydomonas reinhardtii,Chlamydomonas,3052
3062090,OR350844.1,Scenedesmaceae sp. YH-2023b,,3086
3063876,MW822748.1,Trentepohlia sp. BN17,Trentepohlia,173374
3063876,MW822748.1,Trentepohlia sp. BN17,Trentepohlia,173374
3063876,NC_060532.1,Trentepohlia sp. BN17,Trentepohlia,173374
3063876,NC_060532.1,Trentepohlia sp. BN17,Trentepohlia,173374
3068301,OQ849777.1,Chlorophyceae sp. KF-2023a,,3166
3073544,OR502667.1,Tetradesmus sp. JML-2023a,NA,NA
3073545,OR502671.1,Tetradesmus sp. JML-2023b,NA,NA
3073546,OR502665.1,Tetradesmus sp. JML-2023c,NA,NA
3073547,OR502672.1,Tetradesmus sp. JML-2023d,NA,NA
3074,FJ968741.1,Parachlorella kessleri,Parachlorella,247501
3074,FJ968741.1,Parachlorella kessleri,Parachlorella,247501
3074,NC_012978.1,Parachlorella kessleri,Parachlorella,247501
3074,NC_012978.1,Parachlorella kessleri,Parachlorella,247501
3075,KC631634.1,Auxenochlorella protothecoides,Auxenochlorella,191392
3075,KC631634.1,Auxenochlorella protothecoides,Auxenochlorella,191392
3075,KC631634.1,Auxenochlorella protothecoides,Auxenochlorella,191392
3075,KC631634.1,Auxenochlorella protothecoides,Auxenochlorella,191392
3075,KC843975.1,Auxenochlorella protothecoides,Auxenochlorella,191392
3075,KC843975.1,Auxenochlorella protothecoides,Auxenochlorella,191392
3075,KC843975.1,Auxenochlorella protothecoides,Auxenochlorella,191392
3075,KC843975.1,Auxenochlorella protothecoides,Auxenochlorella,191392
3075,KY613608.1,Auxenochlorella protothecoides,Auxenochlorella,191392
3075,KY613608.1,Auxenochlorella protothecoides,Auxenochlorella,191392
3075,KY613608.1,Auxenochlorella protothecoides,Auxenochlorella,191392
3075,KY613608.1,Auxenochlorella protothecoides,Auxenochlorella,191392
3075,NC_023775.1,Auxenochlorella protothecoides,Auxenochlorella,191392
3075,NC_023775.1,Auxenochlorella protothecoides,Auxenochlorella,191392
3075,NC_023775.1,Auxenochlorella protothecoides,Auxenochlorella,191392
3075,NC_023775.1,Auxenochlorella protothecoides,Auxenochlorella,191392
3076,CP084607.1,Chlorella sorokiniana,Chlorella,3071
3076,CP084607.1,Chlorella sorokiniana,Chlorella,3071
3076,CP084607.1,Chlorella sorokiniana,Chlorella,3071
3076,CP084607.1,Chlorella sorokiniana,Chlorella,3071
3076,KJ397925.1,Chlorella sorokiniana,Chlorella,3071
3076,KJ397925.1,Chlorella sorokiniana,Chlorella,3071
3076,KJ397925.1,Chlorella sorokiniana,Chlorella,3071
3076,KJ397925.1,Chlorella sorokiniana,Chlorella,3071
3076,KJ742376.1,Chlorella sorokiniana,Chlorella,3071
3076,KJ742376.1,Chlorella sorokiniana,Chlorella,3071
3076,KJ742376.1,Chlorella sorokiniana,Chlorella,3071
3076,KJ742376.1,Chlorella sorokiniana,Chlorella,3071
3076,NC_023835.1,Chlorella sorokiniana,Chlorella,3071
3076,NC_023835.1,Chlorella sorokiniana,Chlorella,3071
3076,NC_023835.1,Chlorella sorokiniana,Chlorella,3071
3076,NC_023835.1,Chlorella sorokiniana,Chlorella,3071
3077,MT577052.1,Chlorella vulgaris,Chlorella,3071
3077,MT577052.1,Chlorella vulgaris,Chlorella,3071
3077,MT577052.1,Chlorella vulgaris,Chlorella,3071
3077,MT577052.1,Chlorella vulgaris,Chlorella,3071
3077,MT920676.1,Chlorella vulgaris,Chlorella,3071
3077,MT920676.1,Chlorella vulgaris,Chlorella,3071
3077,MT920676.1,Chlorella vulgaris,Chlorella,3071
3077,MT920676.1,Chlorella vulgaris,Chlorella,3071
3077,MW900257.1,Chlorella vulgaris,Chlorella,3071
3077,MW900257.1,Chlorella vulgaris,Chlorella,3071
3077,MW900257.1,Chlorella vulgaris,Chlorella,3071
3077,MW900257.1,Chlorella vulgaris,Chlorella,3071
3077,NC_001865.1,Chlorella vulgaris,Chlorella,3071
3077,NC_001865.1,Chlorella vulgaris,Chlorella,3071
3077,NC_001865.1,Chlorella vulgaris,Chlorella,3071
3077,NC_001865.1,Chlorella vulgaris,Chlorella,3071
3078,MN128434.1,Auxenochlorella pyrenoidosa,Auxenochlorella,191392
3083,KM462865.1,Edaphochlorella mirabilis,Edaphochlorella,1940604
3083,KM462865.1,Edaphochlorella mirabilis,Edaphochlorella,1940604
3083,NC_025528.1,Edaphochlorella mirabilis,Edaphochlorella,1940604
3083,NC_025528.1,Edaphochlorella mirabilis,Edaphochlorella,1940604
3087189,KM462880.1,Binuclearia lauterbornii,Binuclearia,3087188
3087189,KM462880.1,Binuclearia lauterbornii,Binuclearia,3087188
3087189,NC_025541.1,Binuclearia lauterbornii,Binuclearia,3087188
3087189,NC_025541.1,Binuclearia lauterbornii,Binuclearia,3087188
3088,DQ396875.1,Tetradesmus obliquus,Tetradesmus,91192
3088,DQ396875.1,Tetradesmus obliquus,Tetradesmus,91192
3088,DQ396875.1,Tetradesmus obliquus,Tetradesmus,91192
3088,KX756229.1,Tetradesmus obliquus,Tetradesmus,91192
3088,KX756229.1,Tetradesmus obliquus,Tetradesmus,91192
3088,KX756229.1,Tetradesmus obliquus,Tetradesmus,91192
3088,NC_008101.1,Tetradesmus obliquus,Tetradesmus,91192
3088,NC_008101.1,Tetradesmus obliquus,Tetradesmus,91192
3088,NC_008101.1,Tetradesmus obliquus,Tetradesmus,91192
3099,KT199248.1,Neochloris aquatica,Neochloris,3098
3099,KT199248.1,Neochloris aquatica,Neochloris,3098
3099,NC_029670.1,Neochloris aquatica,Neochloris,3098
3099,NC_029670.1,Neochloris aquatica,Neochloris,3098
3102,KM462869.1,Parietochloris pseudoalveolaris,Parietochloris,3101
3102,KM462869.1,Parietochloris pseudoalveolaris,Parietochloris,3101
3102,NC_025532.1,Parietochloris pseudoalveolaris,Parietochloris,3101
3102,NC_025532.1,Parietochloris pseudoalveolaris,Parietochloris,3101
3105,KY114064.1,Pediastrum duplex,Pediastrum,3104
3105,KY114064.1,Pediastrum duplex,Pediastrum,3104
3105,KY114064.1,Pediastrum duplex,Pediastrum,3104
3105,KY114064.1,Pediastrum duplex,Pediastrum,3104
3105,KY114064.1,Pediastrum duplex,Pediastrum,3104
3105,MF276979.1,Pediastrum duplex,Pediastrum,3104
3105,MF276979.1,Pediastrum duplex,Pediastrum,3104
3105,MF276979.1,Pediastrum duplex,Pediastrum,3104
3105,MF276979.1,Pediastrum duplex,Pediastrum,3104
3105,MF276979.1,Pediastrum duplex,Pediastrum,3104
3105,MF276980.1,Pediastrum duplex,Pediastrum,3104
3105,MF276980.1,Pediastrum duplex,Pediastrum,3104
3105,MF276980.1,Pediastrum duplex,Pediastrum,3104
3105,MF276980.1,Pediastrum duplex,Pediastrum,3104
3105,MF276980.1,Pediastrum duplex,Pediastrum,3104
3105,MF276981.1,Pediastrum duplex,Pediastrum,3104
3105,MF276981.1,Pediastrum duplex,Pediastrum,3104
3105,MF276981.1,Pediastrum duplex,Pediastrum,3104
3105,MF276981.1,Pediastrum duplex,Pediastrum,3104
3105,MF276981.1,Pediastrum duplex,Pediastrum,3104
3105,NC_034654.1,Pediastrum duplex,Pediastrum,3104
3105,NC_034654.1,Pediastrum duplex,Pediastrum,3104
3105,NC_034654.1,Pediastrum duplex,Pediastrum,3104
3105,NC_034654.1,Pediastrum duplex,Pediastrum,3104
3105,NC_034654.1,Pediastrum duplex,Pediastrum,3104
3107,KY114065.1,Hydrodictyon reticulatum,Hydrodictyon,3106
3107,KY114065.1,Hydrodictyon reticulatum,Hydrodictyon,3106
3107,NC_034655.1,Hydrodictyon reticulatum,Hydrodictyon,3106
3107,NC_034655.1,Hydrodictyon reticulatum,Hydrodictyon,3106
3113649,LC604816.1,Medakamo hakoo,NA,NA
3116,MZ158703.1,Ulva intestinalis,Ulva,3118
3117,KX342867.1,Ulva prolifera,Ulva,3118
3117,KX342867.1,Ulva prolifera,Ulva,3118
3117,KX342867.1,Ulva prolifera,Ulva,3118
3117,KX342867.1,Ulva prolifera,Ulva,3118
3117,KX342867.1,Ulva prolifera,Ulva,3118
3117,KX342867.1,Ulva prolifera,Ulva,3118
3117,KX342867.1,Ulva prolifera,Ulva,3118
3117,MN853879.1,Ulva prolifera,Ulva,3118
3117,MN853879.1,Ulva prolifera,Ulva,3118
3117,MN853879.1,Ulva prolifera,Ulva,3118
3117,MN853879.1,Ulva prolifera,Ulva,3118
3117,MN853879.1,Ulva prolifera,Ulva,3118
3117,MN853879.1,Ulva prolifera,Ulva,3118
3117,MN853879.1,Ulva prolifera,Ulva,3118
3117,MZ571508.1,Ulva prolifera,Ulva,3118
3117,MZ571508.1,Ulva prolifera,Ulva,3118
3117,MZ571508.1,Ulva prolifera,Ulva,3118
3117,MZ571508.1,Ulva prolifera,Ulva,3118
3117,MZ571508.1,Ulva prolifera,Ulva,3118
3117,MZ571508.1,Ulva prolifera,Ulva,3118
3117,MZ571508.1,Ulva prolifera,Ulva,3118
3117,NC_036137.1,Ulva prolifera,Ulva,3118
3117,NC_036137.1,Ulva prolifera,Ulva,3118
3117,NC_036137.1,Ulva prolifera,Ulva,3118
3117,NC_036137.1,Ulva prolifera,Ulva,3118
3117,NC_036137.1,Ulva prolifera,Ulva,3118
3117,NC_036137.1,Ulva prolifera,Ulva,3118
3117,NC_036137.1,Ulva prolifera,Ulva,3118
3117,OP985129.1,Ulva prolifera,Ulva,3118
3117,OP985129.1,Ulva prolifera,Ulva,3118
3117,OP985129.1,Ulva prolifera,Ulva,3118
3117,OP985129.1,Ulva prolifera,Ulva,3118
3117,OP985129.1,Ulva prolifera,Ulva,3118
3117,OP985129.1,Ulva prolifera,Ulva,3118
3117,OP985129.1,Ulva prolifera,Ulva,3118
3117,OP985130.1,Ulva prolifera,Ulva,3118
3117,OP985130.1,Ulva prolifera,Ulva,3118
3117,OP985130.1,Ulva prolifera,Ulva,3118
3117,OP985130.1,Ulva prolifera,Ulva,3118
3117,OP985130.1,Ulva prolifera,Ulva,3118
3117,OP985130.1,Ulva prolifera,Ulva,3118
3117,OP985130.1,Ulva prolifera,Ulva,3118
3117,OP985131.1,Ulva prolifera,Ulva,3118
3117,OP985131.1,Ulva prolifera,Ulva,3118
3117,OP985131.1,Ulva prolifera,Ulva,3118
3117,OP985131.1,Ulva prolifera,Ulva,3118
3117,OP985131.1,Ulva prolifera,Ulva,3118
3117,OP985131.1,Ulva prolifera,Ulva,3118
3117,OP985131.1,Ulva prolifera,Ulva,3118
3120,MN853875.1,Ulva pertusa,Ulva,3118
312850,KM462871.1,Lobosphaera incisa,Lobosphaera,63682
312850,KM462871.1,Lobosphaera incisa,Lobosphaera,63682
312850,KM462871.1,Lobosphaera incisa,Lobosphaera,63682
312850,KM821265.1,Lobosphaera incisa,Lobosphaera,63682
312850,KM821265.1,Lobosphaera incisa,Lobosphaera,63682
312850,KM821265.1,Lobosphaera incisa,Lobosphaera,63682
312850,NC_025533.1,Lobosphaera incisa,Lobosphaera,63682
312850,NC_025533.1,Lobosphaera incisa,Lobosphaera,63682
312850,NC_025533.1,Lobosphaera incisa,Lobosphaera,63682
3130,LN810504.1,Bryopsis plumosa,Bryopsis,3128
3130,LN810504.1,Bryopsis plumosa,Bryopsis,3128
3130,NC_026795.1,Bryopsis plumosa,Bryopsis,3128
3130,NC_026795.1,Bryopsis plumosa,Bryopsis,3128
31300,KT199249.1,Mychonastes homosphaera,Mychonastes,91354
31300,KT199249.1,Mychonastes homosphaera,Mychonastes,91354
31300,NC_029671.1,Mychonastes homosphaera,Mychonastes,91354
31300,NC_029671.1,Mychonastes homosphaera,Mychonastes,91354
31302,KT199251.1,Chromochloris zofingiensis,Chromochloris,1399958
31302,KT199251.1,Chromochloris zofingiensis,Chromochloris,1399958
31302,NC_029672.1,Chromochloris zofingiensis,Chromochloris,1399958
31302,NC_029672.1,Chromochloris zofingiensis,Chromochloris,1399958
31312,AF137379.1,Nephroselmis olivacea,Nephroselmis,31311
31312,AF137379.1,Nephroselmis olivacea,Nephroselmis,31311
31312,NC_000927.1,Nephroselmis olivacea,Nephroselmis,31311
31312,NC_000927.1,Nephroselmis olivacea,Nephroselmis,31311
3133,MN853876.1,Codium fragile,Codium,3132
3159,FJ968740.1,Pedinomonas minor,Pedinomonas,3158
3159,FJ968740.1,Pedinomonas minor,Pedinomonas,3158
3159,NC_016733.1,Pedinomonas minor,Pedinomonas,3158
3159,NC_016733.1,Pedinomonas minor,Pedinomonas,3158
3171,KM462861.1,Myrmecia israelensis,Myrmecia,114064
3171,KM462861.1,Myrmecia israelensis,Myrmecia,114064
3171,NC_025525.1,Myrmecia israelensis,Myrmecia,114064
3171,NC_025525.1,Myrmecia israelensis,Myrmecia,114064
3192,MG778500.1,Spermatozopsis similis,Spermatozopsis,3191
3192,MG778500.1,Spermatozopsis similis,Spermatozopsis,3191
3192,NC_042251.1,Spermatozopsis similis,Spermatozopsis,3191
3192,NC_042251.1,Spermatozopsis similis,Spermatozopsis,3191
325645,LN810505.1,Tydemania expeditionis,Tydemania,325644
325645,LN810505.1,Tydemania expeditionis,Tydemania,325644
325645,NC_026796.1,Tydemania expeditionis,Tydemania,325644
325645,NC_026796.1,Tydemania expeditionis,Tydemania,325644
33092,KM462868.1,Koliella longiseta,Koliella,242837
33092,KM462868.1,Koliella longiseta,Koliella,242837
33092,NC_025531.1,Koliella longiseta,Koliella,242837
33092,NC_025531.1,Koliella longiseta,Koliella,242837
33097,AP012494.1,Gonium pectorale,Gonium,33096
33097,AP012494.1,Gonium pectorale,Gonium,33096
33097,NC_020438.1,Gonium pectorale,Gonium,33096
33097,NC_020438.1,Gonium pectorale,Gonium,33096
332213,MG778185.1,Chlorosarcinopsis eremi,Chlorosarcinopsis,138174
332213,MG778185.1,Chlorosarcinopsis eremi,Chlorosarcinopsis,138174
332213,MG778185.1,Chlorosarcinopsis eremi,Chlorosarcinopsis,138174
332213,MN102114.1,Chlorosarcinopsis eremi,Chlorosarcinopsis,138174
332213,MN102114.1,Chlorosarcinopsis eremi,Chlorosarcinopsis,138174
332213,MN102114.1,Chlorosarcinopsis eremi,Chlorosarcinopsis,138174
332213,NC_042250.1,Chlorosarcinopsis eremi,Chlorosarcinopsis,138174
332213,NC_042250.1,Chlorosarcinopsis eremi,Chlorosarcinopsis,138174
332213,NC_042250.1,Chlorosarcinopsis eremi,Chlorosarcinopsis,138174
337949,MT364368.1,Oedocladium prescottii,Oedocladium,55991
34112,OP765320.1,Chlorolobion braunii,Chlorolobion,1463548
34116,EF506945.1,Pleurastrum terricola,Pleurastrum,34114
34116,EF506945.1,Pleurastrum terricola,Pleurastrum,34114
34116,NC_009681.1,Pleurastrum terricola,Pleurastrum,34114
34116,NC_009681.1,Pleurastrum terricola,Pleurastrum,34114
34148,KM462876.1,Microthamnion kuetzingianum,Microthamnion,34147
34148,KM462876.1,Microthamnion kuetzingianum,Microthamnion,34147
34148,NC_025537.1,Microthamnion kuetzingianum,Microthamnion,34147
34148,NC_025537.1,Microthamnion kuetzingianum,Microthamnion,34147
34157,KX306824.1,Gloeotilopsis planctonica,Gloeotilopsis,34156
36881,KX013545.1,Cymbomonas tetramitiformis,Cymbomonas,36880
36881,KX013545.1,Cymbomonas tetramitiformis,Cymbomonas,36880
36881,NC_030169.1,Cymbomonas tetramitiformis,Cymbomonas,36880
36881,NC_030169.1,Cymbomonas tetramitiformis,Cymbomonas,36880
36894,FJ493499.1,Pyramimonas parkeae,Pyramimonas,36882
36894,FJ493499.1,Pyramimonas parkeae,Pyramimonas,36882
36894,FJ493499.1,Pyramimonas parkeae,Pyramimonas,36882
36894,KX013546.1,Pyramimonas parkeae,Pyramimonas,36882
36894,KX013546.1,Pyramimonas parkeae,Pyramimonas,36882
36894,KX013546.1,Pyramimonas parkeae,Pyramimonas,36882
36894,NC_012099.1,Pyramimonas parkeae,Pyramimonas,36882
36894,NC_012099.1,Pyramimonas parkeae,Pyramimonas,36882
36894,NC_012099.1,Pyramimonas parkeae,Pyramimonas,36882
37433,KM462864.1,Stichococcus bacillaris,Stichococcus,29646
37433,KM462864.1,Stichococcus bacillaris,Stichococcus,29646
37433,NC_025527.1,Stichococcus bacillaris,Stichococcus,29646
37433,NC_025527.1,Stichococcus bacillaris,Stichococcus,29646
381415,MH591103.1,Boodleopsis pusilla,Boodleopsis,381414
381415,MH591103.1,Boodleopsis pusilla,Boodleopsis,381414
381415,NC_039520.1,Boodleopsis pusilla,Boodleopsis,381414
381415,NC_039520.1,Boodleopsis pusilla,Boodleopsis,381414
381761,KM462887.1,Elliptochloris bilobata,Elliptochloris,381760
381761,KM462887.1,Elliptochloris bilobata,Elliptochloris,381760
381761,NC_025548.1,Elliptochloris bilobata,Elliptochloris,381760
381761,NC_025548.1,Elliptochloris bilobata,Elliptochloris,381760
38881,KM462884.1,Botryococcus braunii,Botryococcus,38880
38881,KM462884.1,Botryococcus braunii,Botryococcus,38880
38881,NC_025545.1,Botryococcus braunii,Botryococcus,38880
38881,NC_025545.1,Botryococcus braunii,Botryococcus,38880
40531,NC_068624.1,Hyalomonas oviformis,Hyalomonas,2992871
40531,NC_068624.1,Hyalomonas oviformis,Hyalomonas,2992871
40531,OP392028.1,Hyalomonas oviformis,Hyalomonas,2992871
40531,OP392028.1,Hyalomonas oviformis,Hyalomonas,2992871
41300,KM462878.1,Choricystis parasitica,Choricystis,41299
41300,KM462878.1,Choricystis parasitica,Choricystis,41299
41300,NC_025539.1,Choricystis parasitica,Choricystis,41299
41300,NC_025539.1,Choricystis parasitica,Choricystis,41299
41875,NC_024811.1,Bathycoccus prasinos,Bathycoccus,41874
41880,FJ493498.1,Pycnococcus provasolii,Pycnococcus,41879
41880,FJ493498.1,Pycnococcus provasolii,Pycnococcus,41879
41880,NC_012097.1,Pycnococcus provasolii,Pycnococcus,41879
41880,NC_012097.1,Pycnococcus provasolii,Pycnococcus,41879
41888,NC_065695.1,Tetraselmis marina,Tetraselmis,3164
41888,NC_065695.1,Tetraselmis marina,Tetraselmis,3164
41888,ON645926.1,Tetraselmis marina,Tetraselmis,3164
41888,ON645926.1,Tetraselmis marina,Tetraselmis,3164
427913,MF276976.1,Lacunastrum gracillimum,Lacunastrum,1336488
427913,MF276976.1,Lacunastrum gracillimum,Lacunastrum,1336488
427913,NC_037918.1,Lacunastrum gracillimum,Lacunastrum,1336488
427913,NC_037918.1,Lacunastrum gracillimum,Lacunastrum,1336488
43261,KX306821.1,Rhexinema sarcinoideum,Rhexinema,1983445
434723,NC_077591.1,Ulva meridionalis,Ulva,3118
434723,NC_077591.1,Ulva meridionalis,Ulva,3118
434723,OP985133.1,Ulva meridionalis,Ulva,3118
434723,OP985133.1,Ulva meridionalis,Ulva,3118
436124,KT625415.1,Hafniomonas laevis,Hafniomonas,51321
436124,KT625415.1,Hafniomonas laevis,Hafniomonas,51321
436124,NC_028583.1,Hafniomonas laevis,Hafniomonas,51321
436124,NC_028583.1,Hafniomonas laevis,Hafniomonas,51321
44573,KY407657.1,Pseudoneochloris marina,Pseudoneochloris,44566
44573,KY407657.1,Pseudoneochloris marina,Pseudoneochloris,44566
44573,NC_034710.1,Pseudoneochloris marina,Pseudoneochloris,44566
44573,NC_034710.1,Pseudoneochloris marina,Pseudoneochloris,44566
44745,MG677935.1,Haematococcus lacustris,Haematococcus,44744
44745,MG677935.1,Haematococcus lacustris,Haematococcus,44744
44745,MG677935.1,Haematococcus lacustris,Haematococcus,44744
44745,MN709220.1,Haematococcus lacustris,Haematococcus,44744
44745,MN709220.1,Haematococcus lacustris,Haematococcus,44744
44745,MN709220.1,Haematococcus lacustris,Haematococcus,44744
44745,NC_037007.1,Haematococcus lacustris,Haematococcus,44744
44745,NC_037007.1,Haematococcus lacustris,Haematococcus,44744
44745,NC_037007.1,Haematococcus lacustris,Haematococcus,44744
453070,MH591109.1,Pseudocodium devriesii,Pseudocodium,325648
453070,MH591109.1,Pseudocodium devriesii,Pseudocodium,325648
453070,NC_039525.1,Pseudocodium devriesii,Pseudocodium,325648
453070,NC_039525.1,Pseudocodium devriesii,Pseudocodium,325648
464258,MK085987.1,Chloropicon laureae,Chloropicon,2302914
464258,MK085987.1,Chloropicon laureae,Chloropicon,2302914
464258,NC_042484.1,Chloropicon laureae,Chloropicon,2302914
464258,NC_042484.1,Chloropicon laureae,Chloropicon,2302914
47281,NC_069043.1,Edaphochlamys debaryana,Edaphochlamys,2594176
47281,NC_069043.1,Edaphochlamys debaryana,Edaphochlamys,2594176
47281,ON243965.1,Edaphochlamys debaryana,Edaphochlamys,2594176
47281,ON243965.1,Edaphochlamys debaryana,Edaphochlamys,2594176
47282,MH161344.1,Eudorina elegans,Eudorina,34143
47775,LC523992.1,Astrephomene gubernaculifera,Astrephomene,47772
480381,KM462872.1,Xylochloris irregularis,Xylochloris,942149
480381,KM462872.1,Xylochloris irregularis,Xylochloris,942149
480381,NC_025534.1,Xylochloris irregularis,Xylochloris,942149
480381,NC_025534.1,Xylochloris irregularis,Xylochloris,942149
498180,MK069584.1,Ulva mutabilis,Ulva,3118
498180,MK069584.1,Ulva mutabilis,Ulva,3118
498180,NC_043860.1,Ulva mutabilis,Ulva,3118
498180,NC_043860.1,Ulva mutabilis,Ulva,3118
50037,KT199253.1,Bracteacoccus minor,Bracteacoccus,50036
50037,KT199253.1,Bracteacoccus minor,Bracteacoccus,50036
50037,NC_029674.1,Bracteacoccus minor,Bracteacoccus,50036
50037,NC_029674.1,Bracteacoccus minor,Bracteacoccus,50036
50039,KT625421.1,Bracteacoccus giganteus,Bracteacoccus,50036
50039,KT625421.1,Bracteacoccus giganteus,Bracteacoccus,50036
50039,NC_028586.1,Bracteacoccus giganteus,Bracteacoccus,50036
50039,NC_028586.1,Bracteacoccus giganteus,Bracteacoccus,50036
50041,KT199254.1,Bracteacoccus aerius,Bracteacoccus,50036
50041,KT199254.1,Bracteacoccus aerius,Bracteacoccus,50036
50041,NC_029675.1,Bracteacoccus aerius,Bracteacoccus,50036
50041,NC_029675.1,Bracteacoccus aerius,Bracteacoccus,50036
51324,DQ291132.1,Oltmannsiellopsis viridis,Oltmannsiellopsis,51323
51324,DQ291132.1,Oltmannsiellopsis viridis,Oltmannsiellopsis,51323
51324,NC_008099.1,Oltmannsiellopsis viridis,Oltmannsiellopsis,51323
51324,NC_008099.1,Oltmannsiellopsis viridis,Oltmannsiellopsis,51323
51328,GU196268.1,Floydiella terrestris,Floydiella,304582
51328,GU196268.1,Floydiella terrestris,Floydiella,304582
51328,NC_014346.1,Floydiella terrestris,Floydiella,304582
51328,NC_014346.1,Floydiella terrestris,Floydiella,304582
52028,NC_068622.1,Chlorogonium euchlorum,Chlorogonium,52027
52028,NC_068622.1,Chlorogonium euchlorum,Chlorogonium,52027
52028,NC_068622.1,Chlorogonium euchlorum,Chlorogonium,52027
52028,OP597708.1,Chlorogonium euchlorum,Chlorogonium,52027
52028,OP597708.1,Chlorogonium euchlorum,Chlorogonium,52027
52028,OP597708.1,Chlorogonium euchlorum,Chlorogonium,52027
52028,OP597710.1,Chlorogonium euchlorum,Chlorogonium,52027
52028,OP597710.1,Chlorogonium euchlorum,Chlorogonium,52027
52028,OP597710.1,Chlorogonium euchlorum,Chlorogonium,52027
523338,MT179350.1,Ulva gigantea,Ulva,3118
523338,MT179350.1,Ulva gigantea,Ulva,3118
523338,NC_053613.1,Ulva gigantea,Ulva,3118
523338,NC_053613.1,Ulva gigantea,Ulva,3118
52688,KT199255.1,Ankyra judayi,Ankyra,52687
52688,KT199255.1,Ankyra judayi,Ankyra,52687
52688,NC_029735.1,Ankyra judayi,Ankyra,52687
52688,NC_029735.1,Ankyra judayi,Ankyra,52687
52965,KT625422.1,Phacotus lenticularis,Phacotus,52033
52965,KT625422.1,Phacotus lenticularis,Phacotus,52033
52965,NC_028587.1,Phacotus lenticularis,Phacotus,52033
52965,NC_028587.1,Phacotus lenticularis,Phacotus,52033
554065,KJ718922.1,Chlorella variabilis,Chlorella,3071
554065,KJ718922.1,Chlorella variabilis,Chlorella,3071
554065,KJ718922.1,Chlorella variabilis,Chlorella,3071
554065,KP271969.1,Chlorella variabilis,Chlorella,3071
554065,KP271969.1,Chlorella variabilis,Chlorella,3071
554065,KP271969.1,Chlorella variabilis,Chlorella,3071
554065,MZ647689.1,Chlorella variabilis,Chlorella,3071
554065,MZ647689.1,Chlorella variabilis,Chlorella,3071
554065,MZ647689.1,Chlorella variabilis,Chlorella,3071
55409,NC_068582.1,Coelastrum microporum,Coelastrum,55408
55409,NC_068582.1,Coelastrum microporum,Coelastrum,55408
55409,ON619891.1,Coelastrum microporum,Coelastrum,55408
55409,ON619891.1,Coelastrum microporum,Coelastrum,55408
55410,MF276982.1,Pseudopediastrum boryanum,Pseudopediastrum,427904
55410,MF276982.1,Pseudopediastrum boryanum,Pseudopediastrum,427904
55410,MF276982.1,Pseudopediastrum boryanum,Pseudopediastrum,427904
55410,MF276983.1,Pseudopediastrum boryanum,Pseudopediastrum,427904
55410,MF276983.1,Pseudopediastrum boryanum,Pseudopediastrum,427904
55410,MF276983.1,Pseudopediastrum boryanum,Pseudopediastrum,427904
55410,NC_037920.1,Pseudopediastrum boryanum,Pseudopediastrum,427904
55410,NC_037920.1,Pseudopediastrum boryanum,Pseudopediastrum,427904
55410,NC_037920.1,Pseudopediastrum boryanum,Pseudopediastrum,427904
55992,KX507373.1,Oedocladium carolinianum,Oedocladium,55991
55992,KX507373.1,Oedocladium carolinianum,Oedocladium,55991
55992,NC_031510.1,Oedocladium carolinianum,Oedocladium,55991
55992,NC_031510.1,Oedocladium carolinianum,Oedocladium,55991
55995,EU677193.1,Oedogonium cardiacum,Oedogonium,55993
55995,EU677193.1,Oedogonium cardiacum,Oedogonium,55993
55995,NC_011031.1,Oedogonium cardiacum,Oedogonium,55993
55995,NC_011031.1,Oedogonium cardiacum,Oedogonium,55993
55999,DQ630521.1,Stigeoclonium helveticum,Stigeoclonium,55998
55999,DQ630521.1,Stigeoclonium helveticum,Stigeoclonium,55998
55999,NC_008372.1,Stigeoclonium helveticum,Stigeoclonium,55998
55999,NC_008372.1,Stigeoclonium helveticum,Stigeoclonium,55998
575411,AP018373.1,Prototheca cutis,Prototheca,3110
575411,AP018373.1,Prototheca cutis,Prototheca,3110
575411,NC_037480.1,Prototheca cutis,Prototheca,3110
575411,NC_037480.1,Prototheca cutis,Prototheca,3110
585852,MW531676.1,Ulva laetevirens,Ulva,3118
589376,KT946603.1,Codium simulans,Codium,3132
589376,KT946603.1,Codium simulans,Codium,3132
589376,NC_032043.1,Codium simulans,Codium,3132
589376,NC_032043.1,Codium simulans,Codium,3132
63409,KX058323.1,Ulva linza,Ulva,3118
63409,KX058323.1,Ulva linza,Ulva,3118
63409,NC_030312.1,Ulva linza,Ulva,3118
63409,NC_030312.1,Ulva linza,Ulva,3118
63410,MH730972.1,Ulva lactuca,Ulva,3118
63410,MH730972.1,Ulva lactuca,Ulva,3118
63410,NC_042255.1,Ulva lactuca,Ulva,3118
63410,NC_042255.1,Ulva lactuca,Ulva,3118
63414,MK408749.1,Blidingia minima,Blidingia,63413
63414,MK408749.1,Blidingia minima,Blidingia,63413
63414,MK408749.1,Blidingia minima,Blidingia,63413
63414,MT948112.1,Blidingia minima,Blidingia,63413
63414,MT948112.1,Blidingia minima,Blidingia,63413
63414,MT948112.1,Blidingia minima,Blidingia,63413
63414,NC_054284.1,Blidingia minima,Blidingia,63413
63414,NC_054284.1,Blidingia minima,Blidingia,63413
63414,NC_054284.1,Blidingia minima,Blidingia,63413
63659,KX595275.1,Ulva compressa,Ulva,3118
63659,KX595275.1,Ulva compressa,Ulva,3118
63659,KX595275.1,Ulva compressa,Ulva,3118
63659,KX595275.1,Ulva compressa,Ulva,3118
63659,MT916929.1,Ulva compressa,Ulva,3118
63659,MT916929.1,Ulva compressa,Ulva,3118
63659,MT916929.1,Ulva compressa,Ulva,3118
63659,MT916929.1,Ulva compressa,Ulva,3118
63659,MW548841.1,Ulva compressa,Ulva,3118
63659,MW548841.1,Ulva compressa,Ulva,3118
63659,MW548841.1,Ulva compressa,Ulva,3118
63659,MW548841.1,Ulva compressa,Ulva,3118
63659,NC_050739.1,Ulva compressa,Ulva,3118
63659,NC_050739.1,Ulva compressa,Ulva,3118
63659,NC_050739.1,Ulva compressa,Ulva,3118
63659,NC_050739.1,Ulva compressa,Ulva,3118
69401,KT625420.1,Carteria cerasiformis,Carteria,47780
69401,KT625420.1,Carteria cerasiformis,Carteria,47780
69401,NC_028585.1,Carteria cerasiformis,Carteria,47780
69401,NC_028585.1,Carteria cerasiformis,Carteria,47780
70448,CR954199.2,Ostreococcus tauri,Ostreococcus,70447
70448,CR954199.2,Ostreococcus tauri,Ostreococcus,70447
70448,CR954199.2,Ostreococcus tauri,Ostreococcus,70447
70448,CR954199.2,Ostreococcus tauri,Ostreococcus,70447
70448,CR954199.2,Ostreococcus tauri,Ostreococcus,70447
70448,CR954199.2,Ostreococcus tauri,Ostreococcus,70447
70448,CR954199.2,Ostreococcus tauri,Ostreococcus,70447
70448,CR954199.2,Ostreococcus tauri,Ostreococcus,70447
70448,CR954199.2,Ostreococcus tauri,Ostreococcus,70447
70448,CR954199.2,Ostreococcus tauri,Ostreococcus,70447
70448,CR954199.2,Ostreococcus tauri,Ostreococcus,70447
70448,CR954199.2,Ostreococcus tauri,Ostreococcus,70447
70448,CR954199.2,Ostreococcus tauri,Ostreococcus,70447
70448,CR954199.2,Ostreococcus tauri,Ostreococcus,70447
70448,CR954199.2,Ostreococcus tauri,Ostreococcus,70447
70448,KC990831.1,Ostreococcus tauri,Ostreococcus,70447
70448,KC990831.1,Ostreococcus tauri,Ostreococcus,70447
70448,KC990831.1,Ostreococcus tauri,Ostreococcus,70447
70448,KC990831.1,Ostreococcus tauri,Ostreococcus,70447
70448,KC990831.1,Ostreococcus tauri,Ostreococcus,70447
70448,KC990831.1,Ostreococcus tauri,Ostreococcus,70447
70448,KC990831.1,Ostreococcus tauri,Ostreococcus,70447
70448,KC990831.1,Ostreococcus tauri,Ostreococcus,70447
70448,KC990831.1,Ostreococcus tauri,Ostreococcus,70447
70448,KC990831.1,Ostreococcus tauri,Ostreococcus,70447
70448,KC990831.1,Ostreococcus tauri,Ostreococcus,70447
70448,KC990831.1,Ostreococcus tauri,Ostreococcus,70447
70448,KC990831.1,Ostreococcus tauri,Ostreococcus,70447
70448,KC990831.1,Ostreococcus tauri,Ostreococcus,70447
70448,KC990831.1,Ostreococcus tauri,Ostreococcus,70447
70448,KF285522.1,Ostreococcus tauri,Ostreococcus,70447
70448,KF285522.1,Ostreococcus tauri,Ostreococcus,70447
70448,KF285522.1,Ostreococcus tauri,Ostreococcus,70447
70448,KF285522.1,Ostreococcus tauri,Ostreococcus,70447
70448,KF285522.1,Ostreococcus tauri,Ostreococcus,70447
70448,KF285522.1,Ostreococcus tauri,Ostreococcus,70447
70448,KF285522.1,Ostreococcus tauri,Ostreococcus,70447
70448,KF285522.1,Ostreococcus tauri,Ostreococcus,70447
70448,KF285522.1,Ostreococcus tauri,Ostreococcus,70447
70448,KF285522.1,Ostreococcus tauri,Ostreococcus,70447
70448,KF285522.1,Ostreococcus tauri,Ostreococcus,70447
70448,KF285522.1,Ostreococcus tauri,Ostreococcus,70447
70448,KF285522.1,Ostreococcus tauri,Ostreococcus,70447
70448,KF285522.1,Ostreococcus tauri,Ostreococcus,70447
70448,KF285522.1,Ostreococcus tauri,Ostreococcus,70447
70448,KF285523.1,Ostreococcus tauri,Ostreococcus,70447
70448,KF285523.1,Ostreococcus tauri,Ostreococcus,70447
70448,KF285523.1,Ostreococcus tauri,Ostreococcus,70447
70448,KF285523.1,Ostreococcus tauri,Ostreococcus,70447
70448,KF285523.1,Ostreococcus tauri,Ostreococcus,70447
70448,KF285523.1,Ostreococcus tauri,Ostreococcus,70447
70448,KF285523.1,Ostreococcus tauri,Ostreococcus,70447
70448,KF285523.1,Ostreococcus tauri,Ostreococcus,70447
70448,KF285523.1,Ostreococcus tauri,Ostreococcus,70447
70448,KF285523.1,Ostreococcus tauri,Ostreococcus,70447
70448,KF285523.1,Ostreococcus tauri,Ostreococcus,70447
70448,KF285523.1,Ostreococcus tauri,Ostreococcus,70447
70448,KF285523.1,Ostreococcus tauri,Ostreococcus,70447
70448,KF285523.1,Ostreococcus tauri,Ostreococcus,70447
70448,KF285523.1,Ostreococcus tauri,Ostreococcus,70447
70448,KF285524.1,Ostreococcus tauri,Ostreococcus,70447
70448,KF285524.1,Ostreococcus tauri,Ostreococcus,70447
70448,KF285524.1,Ostreococcus tauri,Ostreococcus,70447
70448,KF285524.1,Ostreococcus tauri,Ostreococcus,70447
70448,KF285524.1,Ostreococcus tauri,Ostreococcus,70447
70448,KF285524.1,Ostreococcus tauri,Ostreococcus,70447
70448,KF285524.1,Ostreococcus tauri,Ostreococcus,70447
70448,KF285524.1,Ostreococcus tauri,Ostreococcus,70447
70448,KF285524.1,Ostreococcus tauri,Ostreococcus,70447
70448,KF285524.1,Ostreococcus tauri,Ostreococcus,70447
70448,KF285524.1,Ostreococcus tauri,Ostreococcus,70447
70448,KF285524.1,Ostreococcus tauri,Ostreococcus,70447
70448,KF285524.1,Ostreococcus tauri,Ostreococcus,70447
70448,KF285524.1,Ostreococcus tauri,Ostreococcus,70447
70448,KF285524.1,Ostreococcus tauri,Ostreococcus,70447
70448,KF285525.1,Ostreococcus tauri,Ostreococcus,70447
70448,KF285525.1,Ostreococcus tauri,Ostreococcus,70447
70448,KF285525.1,Ostreococcus tauri,Ostreococcus,70447
70448,KF285525.1,Ostreococcus tauri,Ostreococcus,70447
70448,KF285525.1,Ostreococcus tauri,Ostreococcus,70447
70448,KF285525.1,Ostreococcus tauri,Ostreococcus,70447
70448,KF285525.1,Ostreococcus tauri,Ostreococcus,70447
70448,KF285525.1,Ostreococcus tauri,Ostreococcus,70447
70448,KF285525.1,Ostreococcus tauri,Ostreococcus,70447
70448,KF285525.1,Ostreococcus tauri,Ostreococcus,70447
70448,KF285525.1,Ostreococcus tauri,Ostreococcus,70447
70448,KF285525.1,Ostreococcus tauri,Ostreococcus,70447
70448,KF285525.1,Ostreococcus tauri,Ostreococcus,70447
70448,KF285525.1,Ostreococcus tauri,Ostreococcus,70447
70448,KF285525.1,Ostreococcus tauri,Ostreococcus,70447
70448,KF285526.1,Ostreococcus tauri,Ostreococcus,70447
70448,KF285526.1,Ostreococcus tauri,Ostreococcus,70447
70448,KF285526.1,Ostreococcus tauri,Ostreococcus,70447
70448,KF285526.1,Ostreococcus tauri,Ostreococcus,70447
70448,KF285526.1,Ostreococcus tauri,Ostreococcus,70447
70448,KF285526.1,Ostreococcus tauri,Ostreococcus,70447
70448,KF285526.1,Ostreococcus tauri,Ostreococcus,70447
70448,KF285526.1,Ostreococcus tauri,Ostreococcus,70447
70448,KF285526.1,Ostreococcus tauri,Ostreococcus,70447
70448,KF285526.1,Ostreococcus tauri,Ostreococcus,70447
70448,KF285526.1,Ostreococcus tauri,Ostreococcus,70447
70448,KF285526.1,Ostreococcus tauri,Ostreococcus,70447
70448,KF285526.1,Ostreococcus tauri,Ostreococcus,70447
70448,KF285526.1,Ostreococcus tauri,Ostreococcus,70447
70448,KF285526.1,Ostreococcus tauri,Ostreococcus,70447
70448,KF285527.1,Ostreococcus tauri,Ostreococcus,70447
70448,KF285527.1,Ostreococcus tauri,Ostreococcus,70447
70448,KF285527.1,Ostreococcus tauri,Ostreococcus,70447
70448,KF285527.1,Ostreococcus tauri,Ostreococcus,70447
70448,KF285527.1,Ostreococcus tauri,Ostreococcus,70447
70448,KF285527.1,Ostreococcus tauri,Ostreococcus,70447
70448,KF285527.1,Ostreococcus tauri,Ostreococcus,70447
70448,KF285527.1,Ostreococcus tauri,Ostreococcus,70447
70448,KF285527.1,Ostreococcus tauri,Ostreococcus,70447
70448,KF285527.1,Ostreococcus tauri,Ostreococcus,70447
70448,KF285527.1,Ostreococcus tauri,Ostreococcus,70447
70448,KF285527.1,Ostreococcus tauri,Ostreococcus,70447
70448,KF285527.1,Ostreococcus tauri,Ostreococcus,70447
70448,KF285527.1,Ostreococcus tauri,Ostreococcus,70447
70448,KF285527.1,Ostreococcus tauri,Ostreococcus,70447
70448,KF285528.1,Ostreococcus tauri,Ostreococcus,70447
70448,KF285528.1,Ostreococcus tauri,Ostreococcus,70447
70448,KF285528.1,Ostreococcus tauri,Ostreococcus,70447
70448,KF285528.1,Ostreococcus tauri,Ostreococcus,70447
70448,KF285528.1,Ostreococcus tauri,Ostreococcus,70447
70448,KF285528.1,Ostreococcus tauri,Ostreococcus,70447
70448,KF285528.1,Ostreococcus tauri,Ostreococcus,70447
70448,KF285528.1,Ostreococcus tauri,Ostreococcus,70447
70448,KF285528.1,Ostreococcus tauri,Ostreococcus,70447
70448,KF285528.1,Ostreococcus tauri,Ostreococcus,70447
70448,KF285528.1,Ostreococcus tauri,Ostreococcus,70447
70448,KF285528.1,Ostreococcus tauri,Ostreococcus,70447
70448,KF285528.1,Ostreococcus tauri,Ostreococcus,70447
70448,KF285528.1,Ostreococcus tauri,Ostreococcus,70447
70448,KF285528.1,Ostreococcus tauri,Ostreococcus,70447
70448,KF285529.1,Ostreococcus tauri,Ostreococcus,70447
70448,KF285529.1,Ostreococcus tauri,Ostreococcus,70447
70448,KF285529.1,Ostreococcus tauri,Ostreococcus,70447
70448,KF285529.1,Ostreococcus tauri,Ostreococcus,70447
70448,KF285529.1,Ostreococcus tauri,Ostreococcus,70447
70448,KF285529.1,Ostreococcus tauri,Ostreococcus,70447
70448,KF285529.1,Ostreococcus tauri,Ostreococcus,70447
70448,KF285529.1,Ostreococcus tauri,Ostreococcus,70447
70448,KF285529.1,Ostreococcus tauri,Ostreococcus,70447
70448,KF285529.1,Ostreococcus tauri,Ostreococcus,70447
70448,KF285529.1,Ostreococcus tauri,Ostreococcus,70447
70448,KF285529.1,Ostreococcus tauri,Ostreococcus,70447
70448,KF285529.1,Ostreococcus tauri,Ostreococcus,70447
70448,KF285529.1,Ostreococcus tauri,Ostreococcus,70447
70448,KF285529.1,Ostreococcus tauri,Ostreococcus,70447
70448,KF285530.1,Ostreococcus tauri,Ostreococcus,70447
70448,KF285530.1,Ostreococcus tauri,Ostreococcus,70447
70448,KF285530.1,Ostreococcus tauri,Ostreococcus,70447
70448,KF285530.1,Ostreococcus tauri,Ostreococcus,70447
70448,KF285530.1,Ostreococcus tauri,Ostreococcus,70447
70448,KF285530.1,Ostreococcus tauri,Ostreococcus,70447
70448,KF285530.1,Ostreococcus tauri,Ostreococcus,70447
70448,KF285530.1,Ostreococcus tauri,Ostreococcus,70447
70448,KF285530.1,Ostreococcus tauri,Ostreococcus,70447
70448,KF285530.1,Ostreococcus tauri,Ostreococcus,70447
70448,KF285530.1,Ostreococcus tauri,Ostreococcus,70447
70448,KF285530.1,Ostreococcus tauri,Ostreococcus,70447
70448,KF285530.1,Ostreococcus tauri,Ostreococcus,70447
70448,KF285530.1,Ostreococcus tauri,Ostreococcus,70447
70448,KF285530.1,Ostreococcus tauri,Ostreococcus,70447
70448,KF285531.1,Ostreococcus tauri,Ostreococcus,70447
70448,KF285531.1,Ostreococcus tauri,Ostreococcus,70447
70448,KF285531.1,Ostreococcus tauri,Ostreococcus,70447
70448,KF285531.1,Ostreococcus tauri,Ostreococcus,70447
70448,KF285531.1,Ostreococcus tauri,Ostreococcus,70447
70448,KF285531.1,Ostreococcus tauri,Ostreococcus,70447
70448,KF285531.1,Ostreococcus tauri,Ostreococcus,70447
70448,KF285531.1,Ostreococcus tauri,Ostreococcus,70447
70448,KF285531.1,Ostreococcus tauri,Ostreococcus,70447
70448,KF285531.1,Ostreococcus tauri,Ostreococcus,70447
70448,KF285531.1,Ostreococcus tauri,Ostreococcus,70447
70448,KF285531.1,Ostreococcus tauri,Ostreococcus,70447
70448,KF285531.1,Ostreococcus tauri,Ostreococcus,70447
70448,KF285531.1,Ostreococcus tauri,Ostreococcus,70447
70448,KF285531.1,Ostreococcus tauri,Ostreococcus,70447
70448,KF285532.1,Ostreococcus tauri,Ostreococcus,70447
70448,KF285532.1,Ostreococcus tauri,Ostreococcus,70447
70448,KF285532.1,Ostreococcus tauri,Ostreococcus,70447
70448,KF285532.1,Ostreococcus tauri,Ostreococcus,70447
70448,KF285532.1,Ostreococcus tauri,Ostreococcus,70447
70448,KF285532.1,Ostreococcus tauri,Ostreococcus,70447
70448,KF285532.1,Ostreococcus tauri,Ostreococcus,70447
70448,KF285532.1,Ostreococcus tauri,Ostreococcus,70447
70448,KF285532.1,Ostreococcus tauri,Ostreococcus,70447
70448,KF285532.1,Ostreococcus tauri,Ostreococcus,70447
70448,KF285532.1,Ostreococcus tauri,Ostreococcus,70447
70448,KF285532.1,Ostreococcus tauri,Ostreococcus,70447
70448,KF285532.1,Ostreococcus tauri,Ostreococcus,70447
70448,KF285532.1,Ostreococcus tauri,Ostreococcus,70447
70448,KF285532.1,Ostreococcus tauri,Ostreococcus,70447
70448,KF285533.1,Ostreococcus tauri,Ostreococcus,70447
70448,KF285533.1,Ostreococcus tauri,Ostreococcus,70447
70448,KF285533.1,Ostreococcus tauri,Ostreococcus,70447
70448,KF285533.1,Ostreococcus tauri,Ostreococcus,70447
70448,KF285533.1,Ostreococcus tauri,Ostreococcus,70447
70448,KF285533.1,Ostreococcus tauri,Ostreococcus,70447
70448,KF285533.1,Ostreococcus tauri,Ostreococcus,70447
70448,KF285533.1,Ostreococcus tauri,Ostreococcus,70447
70448,KF285533.1,Ostreococcus tauri,Ostreococcus,70447
70448,KF285533.1,Ostreococcus tauri,Ostreococcus,70447
70448,KF285533.1,Ostreococcus tauri,Ostreococcus,70447
70448,KF285533.1,Ostreococcus tauri,Ostreococcus,70447
70448,KF285533.1,Ostreococcus tauri,Ostreococcus,70447
70448,KF285533.1,Ostreococcus tauri,Ostreococcus,70447
70448,KF285533.1,Ostreococcus tauri,Ostreococcus,70447
70448,NC_008289.1,Ostreococcus tauri,Ostreococcus,70447
70448,NC_008289.1,Ostreococcus tauri,Ostreococcus,70447
70448,NC_008289.1,Ostreococcus tauri,Ostreococcus,70447
70448,NC_008289.1,Ostreococcus tauri,Ostreococcus,70447
70448,NC_008289.1,Ostreococcus tauri,Ostreococcus,70447
70448,NC_008289.1,Ostreococcus tauri,Ostreococcus,70447
70448,NC_008289.1,Ostreococcus tauri,Ostreococcus,70447
70448,NC_008289.1,Ostreococcus tauri,Ostreococcus,70447
70448,NC_008289.1,Ostreococcus tauri,Ostreococcus,70447
70448,NC_008289.1,Ostreococcus tauri,Ostreococcus,70447
70448,NC_008289.1,Ostreococcus tauri,Ostreococcus,70447
70448,NC_008289.1,Ostreococcus tauri,Ostreococcus,70447
70448,NC_008289.1,Ostreococcus tauri,Ostreococcus,70447
70448,NC_008289.1,Ostreococcus tauri,Ostreococcus,70447
70448,NC_008289.1,Ostreococcus tauri,Ostreococcus,70447
717648,KY819068.1,Caulerpa manorensis,Caulerpa,76312
717648,KY819068.1,Caulerpa manorensis,Caulerpa,76312
717648,NC_037367.1,Caulerpa manorensis,Caulerpa,76312
717648,NC_037367.1,Caulerpa manorensis,Caulerpa,76312
75689,MW543060.1,Ulva rigida,Ulva,3118
75689,MW543060.1,Ulva rigida,Ulva,3118
75689,NC_053616.1,Ulva rigida,Ulva,3118
75689,NC_053616.1,Ulva rigida,Ulva,3118
76313,NC_066970.1,Caulerpa taxifolia,Caulerpa,76312
76313,NC_066970.1,Caulerpa taxifolia,Caulerpa,76312
76313,OK139149.1,Caulerpa taxifolia,Caulerpa,76312
76313,OK139149.1,Caulerpa taxifolia,Caulerpa,76312
76317,KT946602.1,Caulerpa racemosa,Caulerpa,76312
76317,KT946602.1,Caulerpa racemosa,Caulerpa,76312
76317,NC_032042.1,Caulerpa racemosa,Caulerpa,76312
76317,NC_032042.1,Caulerpa racemosa,Caulerpa,76312
764104,MN659373.1,Aphanochaete confervicola,Aphanochaete,104530
764104,MN659373.1,Aphanochaete confervicola,Aphanochaete,104530
764104,NC_047441.1,Aphanochaete confervicola,Aphanochaete,104530
764104,NC_047441.1,Aphanochaete confervicola,Aphanochaete,104530
764105,MN701585.1,Aphanochaete elegans,Aphanochaete,104530
764105,MN701585.1,Aphanochaete elegans,Aphanochaete,104530
764105,NC_047440.1,Aphanochaete elegans,Aphanochaete,104530
764105,NC_047440.1,Aphanochaete elegans,Aphanochaete,104530
764120,MN701586.1,Uronema confervicola,Uronema,104535
764120,MN701586.1,Uronema confervicola,Uronema,104535
764120,NC_047430.1,Uronema confervicola,Uronema,104535
764120,NC_047430.1,Uronema confervicola,Uronema,104535
764121,MG778533.1,Uronema sp. CCAP 334/1,Uronema,104535
77547,NC_066651.1,Desmodesmus abundans,Desmodesmus,91202
77547,NC_066651.1,Desmodesmus abundans,Desmodesmus,91202
77547,OP124049.1,Desmodesmus abundans,Desmodesmus,91202
77547,OP124049.1,Desmodesmus abundans,Desmodesmus,91202
797708,KT625411.1,Mychonastes jurisii,Mychonastes,91354
797708,KT625411.1,Mychonastes jurisii,Mychonastes,91354
797708,NC_028579.1,Mychonastes jurisii,Mychonastes,91354
797708,NC_028579.1,Mychonastes jurisii,Mychonastes,91354
81818,NC_068256.1,Monoraphidium dybowskii,Monoraphidium,34111
81818,NC_068256.1,Monoraphidium dybowskii,Monoraphidium,34111
81818,OM329943.1,Monoraphidium dybowskii,Monoraphidium,34111
81818,OM329943.1,Monoraphidium dybowskii,Monoraphidium,34111
83791,KX579943.1,Ulva flexuosa,Ulva,3118
83791,KX579943.1,Ulva flexuosa,Ulva,3118
83791,NC_035823.1,Ulva flexuosa,Ulva,3118
83791,NC_035823.1,Ulva flexuosa,Ulva,3118
83794,MZ561475.1,Ulva californica,Ulva,3118
83795,MT179349.1,Ulva fenestrata,Ulva,3118
83795,MT179349.1,Ulva fenestrata,Ulva,3118
83795,NC_053612.1,Ulva fenestrata,Ulva,3118
83795,NC_053612.1,Ulva fenestrata,Ulva,3118
88271,KJ746599.1,Picocystis salinarum,Picocystis,88270
88271,KJ746599.1,Picocystis salinarum,Picocystis,88270
88271,NC_024828.1,Picocystis salinarum,Picocystis,88270
88271,NC_024828.1,Picocystis salinarum,Picocystis,88270
889459,KT199256.1,Pseudomuriella schumacherensis,Pseudomuriella,42695
889459,KT199256.1,Pseudomuriella schumacherensis,Pseudomuriella,42695
889459,NC_029669.1,Pseudomuriella schumacherensis,Pseudomuriella,42695
889459,NC_029669.1,Pseudomuriella schumacherensis,Pseudomuriella,42695
91190,KM462885.1,Dicloster acuatus,Dicloster,91189
91190,KM462885.1,Dicloster acuatus,Dicloster,91189
91190,NC_025546.1,Dicloster acuatus,Dicloster,91189
91190,NC_025546.1,Dicloster acuatus,Dicloster,91189
91197,KU847995.1,Pectinodesmus pectinatus,Pectinodesmus,1144387
91197,KU847995.1,Pectinodesmus pectinatus,Pectinodesmus,1144387
91197,NC_036668.1,Pectinodesmus pectinatus,Pectinodesmus,1144387
91197,NC_036668.1,Pectinodesmus pectinatus,Pectinodesmus,1144387
915274,MG778173.1,Chlorococcum tatrense,Chlorococcum,44649
915274,MG778173.1,Chlorococcum tatrense,Chlorococcum,44649
915274,NC_042182.1,Chlorococcum tatrense,Chlorococcum,44649
915274,NC_042182.1,Chlorococcum tatrense,Chlorococcum,44649
932731,MZ703011.1,Ulva torta,Ulva,3118
932731,MZ703011.1,Ulva torta,Ulva,3118
932731,MZ703011.1,Ulva torta,Ulva,3118
932731,NC_067777.1,Ulva torta,Ulva,3118
932731,NC_067777.1,Ulva torta,Ulva,3118
932731,NC_067777.1,Ulva torta,Ulva,3118
932731,OL684342.1,Ulva torta,Ulva,3118
932731,OL684342.1,Ulva torta,Ulva,3118
932731,OL684342.1,Ulva torta,Ulva,3118
948799,AP014542.1,Rhipidosiphon lewmanomontiae,Rhipidosiphon,575865
97105,KM462888.1,Marvania geminata,Marvania,97104
97105,KM462888.1,Marvania geminata,Marvania,97104
97105,NC_025549.1,Marvania geminata,Marvania,97104
97105,NC_025549.1,Marvania geminata,Marvania,97104
993091,KT625413.1,Jenufa perforata,Jenufa,1072081
993091,KT625413.1,Jenufa perforata,Jenufa,1072081
993091,NC_028581.1,Jenufa perforata,Jenufa,1072081
993091,NC_028581.1,Jenufa perforata,Jenufa,1072081
993092,KT625414.1,Jenufa minuta,Jenufa,1072081
993092,KT625414.1,Jenufa minuta,Jenufa,1072081
993092,NC_028582.1,Jenufa minuta,Jenufa,1072081
993092,NC_028582.1,Jenufa minuta,Jenufa,1072081
